"sample","Salt","RH","mol","RH_cryst"
"FT-01","niter",98,3.57e-06,90.6
"FT-01","niter",97.5,6.23e-06,90.6
"FT-01","niter",97,1.085e-05,90.6
"FT-01","niter",96.5,1.891e-05,90.6
"FT-01","niter",96,3.292e-05,90.6
"FT-01","niter",95.5,5.727e-05,90.6
"FT-01","niter",95,9.949e-05,90.6
"FT-01","niter",94.5,0.00017245,90.6
"FT-01","niter",94,0.00029769,90.6
"FT-01","niter",93.5,0.00051037,90.6
"FT-01","niter",93,0.0008649,90.6
"FT-01","niter",92.5,0.00143803,90.6
"FT-01","niter",92,0.00232016,90.6
"FT-01","niter",91.5,0.00358027,90.6
"FT-01","niter",91,0.00520093,90.6
"FT-01","niter",90.5,0.00702563,90.6
"FT-01","niter",90,0.00879628,90.6
"FT-01","niter",89.5,0.01028325,90.6
"FT-01","niter",89,0.01138775,90.6
"FT-01","niter",88.5,0.01213562,90.6
"FT-01","niter",88,0.0126108,90.6
"FT-01","niter",87.5,0.01290062,90.6
"FT-01","niter",87,0.01307299,90.6
"FT-01","niter",86.5,0.01317399,90.6
"FT-01","niter",86,0.01323265,90.6
"FT-01","niter",85.5,0.01326654,90.6
"FT-01","niter",85,0.01328606,90.6
"FT-01","niter",84.5,0.01329729,90.6
"FT-01","niter",84,0.01330374,90.6
"FT-01","niter",83.5,0.01330745,90.6
"FT-01","niter",83,0.01330957,90.6
"FT-01","niter",82.5,0.01331079,90.6
"FT-01","niter",82,0.01331149,90.6
"FT-01","niter",81.5,0.01331189,90.6
"FT-01","niter",81,0.01331212,90.6
"FT-01","niter",80.5,0.01331226,90.6
"FT-01","niter",80,0.01331233,90.6
"FT-01","niter",79.5,0.01331238,90.6
"FT-01","niter",79,0.0133124,90.6
"FT-01","niter",78.5,0.01331242,90.6
"FT-01","niter",78,0.01331242,90.6
"FT-01","niter",77.5,0.01331243,90.6
"FT-01","niter",77,0.01331243,90.6
"FT-01","niter",76.5,0.01331243,90.6
"FT-01","niter",76,0.01331243,90.6
"FT-01","niter",75.5,0.01331243,90.6
"FT-01","niter",75,0.01331243,90.6
"FT-01","niter",74.5,0.01331243,90.6
"FT-01","niter",74,0.01331243,90.6
"FT-01","niter",73.5,0.01331243,90.6
"FT-01","niter",73,0.01331243,90.6
"FT-01","niter",72.5,0.01331244,90.6
"FT-01","niter",72,0.01331244,90.6
"FT-01","niter",71.5,0.01331244,90.6
"FT-01","niter",71,0.01331244,90.6
"FT-01","niter",70.5,0.01331244,90.6
"FT-01","niter",70,0.01331244,90.6
"FT-01","niter",69.5,0.01331244,90.6
"FT-01","niter",69,0.01331244,90.6
"FT-01","niter",68.5,0.01331244,90.6
"FT-01","niter",68,0.01331244,90.6
"FT-01","niter",67.5,0.01331244,90.6
"FT-01","niter",67,0.01331244,90.6
"FT-01","niter",66.5,0.01331244,90.6
"FT-01","niter",66,0.01331244,90.6
"FT-01","niter",65.5,0.01331244,90.6
"FT-01","niter",65,0.01331244,90.6
"FT-01","niter",64.5,0.01331244,90.6
"FT-01","niter",64,0.01331244,90.6
"FT-01","niter",63.5,0.01331244,90.6
"FT-01","niter",63,0.01331244,90.6
"FT-01","niter",62.5,0.01331244,90.6
"FT-01","niter",62,0.01331244,90.6
"FT-01","niter",61.5,0.01331244,90.6
"FT-01","niter",61,0.01331244,90.6
"FT-01","niter",60.5,0.01331244,90.6
"FT-01","niter",60,0.01331244,90.6
"FT-01","niter",59.5,0.01331244,90.6
"FT-01","niter",59,0.01331244,90.6
"FT-01","niter",58.5,0.01331244,90.6
"FT-01","niter",58,0.01331244,90.6
"FT-01","niter",57.5,0.01331244,90.6
"FT-01","niter",57,0.01331244,90.6
"FT-01","niter",56.5,0.01331244,90.6
"FT-01","niter",56,0.01331244,90.6
"FT-01","niter",55.5,0.01331244,90.6
"FT-01","niter",55,0.01331244,90.6
"FT-01","niter",54.5,0.01331244,90.6
"FT-01","niter",54,0.01331244,90.6
"FT-01","niter",53.5,0.01331244,90.6
"FT-01","niter",53,0.01331244,90.6
"FT-01","niter",52.5,0.01331244,90.6
"FT-01","niter",52,0.01331244,90.6
"FT-01","niter",51.5,0.01331244,90.6
"FT-01","niter",51,0.01331244,90.6
"FT-01","niter",50.5,0.01331244,90.6
"FT-01","niter",50,0.01331244,90.6
"FT-01","niter",49.5,0.01331244,90.6
"FT-01","niter",49,0.01331244,90.6
"FT-01","niter",48.5,0.01331244,90.6
"FT-01","niter",48,0.01331244,90.6
"FT-01","niter",47.5,0.01331244,90.6
"FT-01","niter",47,0.01331244,90.6
"FT-01","niter",46.5,0.01331244,90.6
"FT-01","niter",46,0.01331244,90.6
"FT-01","niter",45.5,0.01331244,90.6
"FT-01","niter",45,0.01331244,90.6
"FT-01","niter",44.5,0.01331244,90.6
"FT-01","niter",44,0.01331244,90.6
"FT-01","niter",43.5,0.01331244,90.6
"FT-01","niter",43,0.01331244,90.6
"FT-01","niter",42.5,0.01331244,90.6
"FT-01","niter",42,0.01331244,90.6
"FT-01","niter",41.5,0.01331244,90.6
"FT-01","niter",41,0.01331244,90.6
"FT-01","niter",40.5,0.01331244,90.6
"FT-01","niter",40,0.01331244,90.6
"FT-01","niter",39.5,0.01331244,90.6
"FT-01","niter",39,0.01331244,90.6
"FT-01","niter",38.5,0.01331244,90.6
"FT-01","niter",38,0.01331244,90.6
"FT-01","niter",37.5,0.01331244,90.6
"FT-01","niter",37,0.01331244,90.6
"FT-01","niter",36.5,0.01331244,90.6
"FT-01","niter",36,0.01331244,90.6
"FT-01","niter",35.5,0.01331244,90.6
"FT-01","niter",35,0.01331244,90.6
"FT-01","niter",34.5,0.01331244,90.6
"FT-01","niter",34,0.01331244,90.6
"FT-01","niter",33.5,0.01331244,90.6
"FT-01","niter",33,0.01331244,90.6
"FT-01","niter",32.5,0.01331244,90.6
"FT-01","niter",32,0.01331244,90.6
"FT-01","niter",31.5,0.01331244,90.6
"FT-01","niter",31,0.01331244,90.6
"FT-01","niter",30.5,0.01331244,90.6
"FT-01","niter",30,0.01331244,90.6
"FT-01","niter",29.5,0.01331244,90.6
"FT-01","niter",29,0.01331244,90.6
"FT-01","niter",28.5,0.01331244,90.6
"FT-01","niter",28,0.01331244,90.6
"FT-01","niter",27.5,0.01331244,90.6
"FT-01","niter",27,0.01331244,90.6
"FT-01","niter",26.5,0.01331244,90.6
"FT-01","niter",26,0.01331244,90.6
"FT-01","niter",25.5,0.01331244,90.6
"FT-01","niter",25,0.01331244,90.6
"FT-01","niter",24.5,0.01331244,90.6
"FT-01","niter",24,0.01331244,90.6
"FT-01","niter",23.5,0.01331244,90.6
"FT-01","niter",23,0.01331244,90.6
"FT-01","niter",22.5,0.01331244,90.6
"FT-01","niter",22,0.01331244,90.6
"FT-01","niter",21.5,0.01331244,90.6
"FT-01","niter",21,0.01331244,90.6
"FT-01","niter",20.5,0.01331244,90.6
"FT-01","niter",20,0.01331244,90.6
"FT-01","niter",19.5,0.01331244,90.6
"FT-01","niter",19,0.01331244,90.6
"FT-01","niter",18.5,0.01331244,90.6
"FT-01","niter",18,0.01331244,90.6
"FT-01","niter",17.5,0.01331244,90.6
"FT-01","niter",17,0.01331244,90.6
"FT-01","niter",16.5,0.01331244,90.6
"FT-01","niter",16,0.01331244,90.6
"FT-01","niter",15.5,0.01331244,90.6
"FT-01","niter",15,0.01331244,90.6
"FT-01","epsomite",98,0,83.1
"FT-01","epsomite",97.5,0,83.1
"FT-01","epsomite",97,0,83.1
"FT-01","epsomite",96.5,0,83.1
"FT-01","epsomite",96,1e-08,83.1
"FT-01","epsomite",95.5,1e-08,83.1
"FT-01","epsomite",95,2e-08,83.1
"FT-01","epsomite",94.5,3e-08,83.1
"FT-01","epsomite",94,6e-08,83.1
"FT-01","epsomite",93.5,1e-07,83.1
"FT-01","epsomite",93,1.8e-07,83.1
"FT-01","epsomite",92.5,3.1e-07,83.1
"FT-01","epsomite",92,5.4e-07,83.1
"FT-01","epsomite",91.5,9.4e-07,83.1
"FT-01","epsomite",91,1.64e-06,83.1
"FT-01","epsomite",90.5,2.85e-06,83.1
"FT-01","epsomite",90,4.97e-06,83.1
"FT-01","epsomite",89.5,8.66e-06,83.1
"FT-01","epsomite",89,1.508e-05,83.1
"FT-01","epsomite",88.5,2.625e-05,83.1
"FT-01","epsomite",88,4.567e-05,83.1
"FT-01","epsomite",87.5,7.934e-05,83.1
"FT-01","epsomite",87,0.00013751,83.1
"FT-01","epsomite",86.5,0.00023739,83.1
"FT-01","epsomite",86,0.00040699,83.1
"FT-01","epsomite",85.5,0.0006897,83.1
"FT-01","epsomite",85,0.00114673,83.1
"FT-01","epsomite",84.5,0.00185018,83.1
"FT-01","epsomite",84,0.00285503,83.1
"FT-01","epsomite",83.5,0.0041474,83.1
"FT-01","epsomite",83,0.00560248,83.1
"FT-01","epsomite",82.5,0.00701445,83.1
"FT-01","epsomite",82,0.00820022,83.1
"FT-01","epsomite",81.5,0.00908099,83.1
"FT-01","epsomite",81,0.00967736,83.1
"FT-01","epsomite",80.5,0.01005628,83.1
"FT-01","epsomite",80,0.01028739,83.1
"FT-01","epsomite",79.5,0.01042485,83.1
"FT-01","epsomite",79,0.0105054,83.1
"FT-01","epsomite",78.5,0.01055217,83.1
"FT-01","epsomite",78,0.0105792,83.1
"FT-01","epsomite",77.5,0.01059476,83.1
"FT-01","epsomite",77,0.01060372,83.1
"FT-01","epsomite",76.5,0.01060886,83.1
"FT-01","epsomite",76,0.01061181,83.1
"FT-01","epsomite",75.5,0.01061351,83.1
"FT-01","epsomite",75,0.01061448,83.1
"FT-01","epsomite",74.5,0.01061504,83.1
"FT-01","epsomite",74,0.01061536,83.1
"FT-01","epsomite",73.5,0.01061555,83.1
"FT-01","epsomite",73,0.01061565,83.1
"FT-01","epsomite",72.5,0.01061571,83.1
"FT-01","epsomite",72,0.01061575,83.1
"FT-01","epsomite",71.5,0.01061577,83.1
"FT-01","epsomite",71,0.01061578,83.1
"FT-01","epsomite",70.5,0.01061578,83.1
"FT-01","epsomite",70,0.01061579,83.1
"FT-01","epsomite",69.5,0.01061579,83.1
"FT-01","epsomite",69,0.01061579,83.1
"FT-01","epsomite",68.5,0.01061579,83.1
"FT-01","epsomite",68,0.01061579,83.1
"FT-01","epsomite",67.5,0.01061579,83.1
"FT-01","epsomite",67,0.01061579,83.1
"FT-01","epsomite",66.5,0.01061579,83.1
"FT-01","epsomite",66,0.01061579,83.1
"FT-01","epsomite",65.5,0.01061579,83.1
"FT-01","epsomite",65,0.01061579,83.1
"FT-01","epsomite",64.5,0.01061579,83.1
"FT-01","epsomite",64,0.01061579,83.1
"FT-01","epsomite",63.5,0.01061579,83.1
"FT-01","epsomite",63,0.01061579,83.1
"FT-01","epsomite",62.5,0.01061579,83.1
"FT-01","epsomite",62,0.01061579,83.1
"FT-01","epsomite",61.5,0.01061579,83.1
"FT-01","epsomite",61,0.01061579,83.1
"FT-01","epsomite",60.5,0.01061579,83.1
"FT-01","epsomite",60,0.01061579,83.1
"FT-01","epsomite",59.5,0.01061579,83.1
"FT-01","epsomite",59,0.01061579,83.1
"FT-01","epsomite",58.5,0.01061579,83.1
"FT-01","epsomite",58,0.01061579,83.1
"FT-01","epsomite",57.5,0.01061579,83.1
"FT-01","epsomite",57,0.01061579,83.1
"FT-01","epsomite",56.5,0.01061579,83.1
"FT-01","epsomite",56,0.01061579,83.1
"FT-01","epsomite",55.5,0.01061579,83.1
"FT-01","epsomite",55,0.01061579,83.1
"FT-01","epsomite",54.5,0.01061579,83.1
"FT-01","epsomite",54,0.01061579,83.1
"FT-01","epsomite",53.5,0.01061579,83.1
"FT-01","epsomite",53,0.01061579,83.1
"FT-01","epsomite",52.5,0.01061579,83.1
"FT-01","epsomite",52,0.01061579,83.1
"FT-01","epsomite",51.5,0.01061579,83.1
"FT-01","epsomite",51,0.01061579,83.1
"FT-01","epsomite",50.5,0.01061579,83.1
"FT-01","epsomite",50,0.01061579,83.1
"FT-01","epsomite",49.5,0.01061579,83.1
"FT-01","epsomite",49,0.01061579,83.1
"FT-01","epsomite",48.5,0.01061579,83.1
"FT-01","epsomite",48,0.01061579,83.1
"FT-01","epsomite",47.5,0.01061579,83.1
"FT-01","epsomite",47,0.01061579,83.1
"FT-01","epsomite",46.5,0.01061579,83.1
"FT-01","epsomite",46,0.01061579,83.1
"FT-01","epsomite",45.5,0.01061579,83.1
"FT-01","epsomite",45,0.01061579,83.1
"FT-01","epsomite",44.5,0.01061579,83.1
"FT-01","epsomite",44,0.01061579,83.1
"FT-01","epsomite",43.5,0.01061579,83.1
"FT-01","epsomite",43,0.01061579,83.1
"FT-01","epsomite",42.5,0.01061579,83.1
"FT-01","epsomite",42,0.01061579,83.1
"FT-01","epsomite",41.5,0.01061579,83.1
"FT-01","epsomite",41,0.01061579,83.1
"FT-01","epsomite",40.5,0.01061579,83.1
"FT-01","epsomite",40,0.01061579,83.1
"FT-01","epsomite",39.5,0.01061579,83.1
"FT-01","epsomite",39,0.01061579,83.1
"FT-01","epsomite",38.5,0.01061579,83.1
"FT-01","epsomite",38,0.01061579,83.1
"FT-01","epsomite",37.5,0.01061579,83.1
"FT-01","epsomite",37,0.01061579,83.1
"FT-01","epsomite",36.5,0.01061579,83.1
"FT-01","epsomite",36,0.01061579,83.1
"FT-01","epsomite",35.5,0.01061579,83.1
"FT-01","epsomite",35,0.01061579,83.1
"FT-01","epsomite",34.5,0.01061579,83.1
"FT-01","epsomite",34,0.01061579,83.1
"FT-01","epsomite",33.5,0.01061579,83.1
"FT-01","epsomite",33,0.01061579,83.1
"FT-01","epsomite",32.5,0.01061579,83.1
"FT-01","epsomite",32,0.01061579,83.1
"FT-01","epsomite",31.5,0.01061579,83.1
"FT-01","epsomite",31,0.01061579,83.1
"FT-01","epsomite",30.5,0.01061579,83.1
"FT-01","epsomite",30,0.01061579,83.1
"FT-01","epsomite",29.5,0.01061579,83.1
"FT-01","epsomite",29,0.01061579,83.1
"FT-01","epsomite",28.5,0.01061579,83.1
"FT-01","epsomite",28,0.01061579,83.1
"FT-01","epsomite",27.5,0.01061579,83.1
"FT-01","epsomite",27,0.01061579,83.1
"FT-01","epsomite",26.5,0.01061579,83.1
"FT-01","epsomite",26,0.01061579,83.1
"FT-01","epsomite",25.5,0.01061579,83.1
"FT-01","epsomite",25,0.01061579,83.1
"FT-01","epsomite",24.5,0.01061579,83.1
"FT-01","epsomite",24,0.01061579,83.1
"FT-01","epsomite",23.5,0.01061579,83.1
"FT-01","epsomite",23,0.01061579,83.1
"FT-01","epsomite",22.5,0.01061579,83.1
"FT-01","epsomite",22,0.01061579,83.1
"FT-01","epsomite",21.5,0.01061579,83.1
"FT-01","epsomite",21,0.01061579,83.1
"FT-01","epsomite",20.5,0.01061579,83.1
"FT-01","epsomite",20,0.01061579,83.1
"FT-01","epsomite",19.5,0.01061579,83.1
"FT-01","epsomite",19,0.01061579,83.1
"FT-01","epsomite",18.5,0.01061579,83.1
"FT-01","epsomite",18,0.01061579,83.1
"FT-01","epsomite",17.5,0.01061579,83.1
"FT-01","epsomite",17,0.01061579,83.1
"FT-01","epsomite",16.5,0.01061579,83.1
"FT-01","epsomite",16,0.01061579,83.1
"FT-01","epsomite",15.5,0.01061579,83.1
"FT-01","epsomite",15,0.01061579,83.1
"FT-01","halite",98,0,64.3
"FT-01","halite",97.5,0,64.3
"FT-01","halite",97,0,64.3
"FT-01","halite",96.5,0,64.3
"FT-01","halite",96,0,64.3
"FT-01","halite",95.5,0,64.3
"FT-01","halite",95,0,64.3
"FT-01","halite",94.5,0,64.3
"FT-01","halite",94,0,64.3
"FT-01","halite",93.5,0,64.3
"FT-01","halite",93,0,64.3
"FT-01","halite",92.5,0,64.3
"FT-01","halite",92,0,64.3
"FT-01","halite",91.5,0,64.3
"FT-01","halite",91,0,64.3
"FT-01","halite",90.5,0,64.3
"FT-01","halite",90,0,64.3
"FT-01","halite",89.5,0,64.3
"FT-01","halite",89,0,64.3
"FT-01","halite",88.5,0,64.3
"FT-01","halite",88,0,64.3
"FT-01","halite",87.5,0,64.3
"FT-01","halite",87,0,64.3
"FT-01","halite",86.5,0,64.3
"FT-01","halite",86,0,64.3
"FT-01","halite",85.5,0,64.3
"FT-01","halite",85,0,64.3
"FT-01","halite",84.5,0,64.3
"FT-01","halite",84,0,64.3
"FT-01","halite",83.5,0,64.3
"FT-01","halite",83,0,64.3
"FT-01","halite",82.5,0,64.3
"FT-01","halite",82,0,64.3
"FT-01","halite",81.5,0,64.3
"FT-01","halite",81,0,64.3
"FT-01","halite",80.5,1e-08,64.3
"FT-01","halite",80,1e-08,64.3
"FT-01","halite",79.5,2e-08,64.3
"FT-01","halite",79,4e-08,64.3
"FT-01","halite",78.5,6e-08,64.3
"FT-01","halite",78,1.1e-07,64.3
"FT-01","halite",77.5,1.9e-07,64.3
"FT-01","halite",77,3.3e-07,64.3
"FT-01","halite",76.5,5.8e-07,64.3
"FT-01","halite",76,1.01e-06,64.3
"FT-01","halite",75.5,1.77e-06,64.3
"FT-01","halite",75,3.08e-06,64.3
"FT-01","halite",74.5,5.36e-06,64.3
"FT-01","halite",74,9.34e-06,64.3
"FT-01","halite",73.5,1.629e-05,64.3
"FT-01","halite",73,2.839e-05,64.3
"FT-01","halite",72.5,4.947e-05,64.3
"FT-01","halite",72,8.622e-05,64.3
"FT-01","halite",71.5,0.00015025,64.3
"FT-01","halite",71,0.00026181,64.3
"FT-01","halite",70.5,0.00045611,64.3
"FT-01","halite",70,0.00079435,64.3
"FT-01","halite",69.5,0.00138266,64.3
"FT-01","halite",69,0.00240434,64.3
"FT-01","halite",68.5,0.00417391,64.3
"FT-01","halite",68,0.00722474,64.3
"FT-01","halite",67.5,0.01244299,64.3
"FT-01","halite",67,0.0212486,64.3
"FT-01","halite",66.5,0.03577395,64.3
"FT-01","halite",66,0.05885932,64.3
"FT-01","halite",65.5,0.09346459,64.3
"FT-01","halite",65,0.14104198,64.3
"FT-01","halite",64.5,0.19923001,64.3
"FT-01","halite",64,0.2610137,64.3
"FT-01","halite",63.5,0.31750711,64.3
"FT-01","halite",63,0.36252649,64.3
"FT-01","halite",62.5,0.39463073,64.3
"FT-01","halite",62,0.41575518,64.3
"FT-01","halite",61.5,0.4289288,64.3
"FT-01","halite",61,0.43687109,64.3
"FT-01","halite",60.5,0.44156223,64.3
"FT-01","halite",60,0.44429955,64.3
"FT-01","halite",59.5,0.44588547,64.3
"FT-01","halite",59,0.44680053,64.3
"FT-01","halite",58.5,0.44732724,64.3
"FT-01","halite",58,0.44763,64.3
"FT-01","halite",57.5,0.4478039,64.3
"FT-01","halite",57,0.44790373,64.3
"FT-01","halite",56.5,0.44796103,64.3
"FT-01","halite",56,0.44799392,64.3
"FT-01","halite",55.5,0.44801279,64.3
"FT-01","halite",55,0.44802361,64.3
"FT-01","halite",54.5,0.44802982,64.3
"FT-01","halite",54,0.44803339,64.3
"FT-01","halite",53.5,0.44803543,64.3
"FT-01","halite",53,0.44803661,64.3
"FT-01","halite",52.5,0.44803728,64.3
"FT-01","halite",52,0.44803767,64.3
"FT-01","halite",51.5,0.44803789,64.3
"FT-01","halite",51,0.44803802,64.3
"FT-01","halite",50.5,0.44803809,64.3
"FT-01","halite",50,0.44803813,64.3
"FT-01","halite",49.5,0.44803815,64.3
"FT-01","halite",49,0.44803817,64.3
"FT-01","halite",48.5,0.44803818,64.3
"FT-01","halite",48,0.44803818,64.3
"FT-01","halite",47.5,0.44803818,64.3
"FT-01","halite",47,0.44803818,64.3
"FT-01","halite",46.5,0.44803819,64.3
"FT-01","halite",46,0.44803819,64.3
"FT-01","halite",45.5,0.44803819,64.3
"FT-01","halite",45,0.44803819,64.3
"FT-01","halite",44.5,0.44803819,64.3
"FT-01","halite",44,0.44803819,64.3
"FT-01","halite",43.5,0.44803819,64.3
"FT-01","halite",43,0.44803819,64.3
"FT-01","halite",42.5,0.44803819,64.3
"FT-01","halite",42,0.44803819,64.3
"FT-01","halite",41.5,0.44803819,64.3
"FT-01","halite",41,0.44803819,64.3
"FT-01","halite",40.5,0.44803819,64.3
"FT-01","halite",40,0.44803819,64.3
"FT-01","halite",39.5,0.44803819,64.3
"FT-01","halite",39,0.44803819,64.3
"FT-01","halite",38.5,0.44803819,64.3
"FT-01","halite",38,0.44803819,64.3
"FT-01","halite",37.5,0.44803819,64.3
"FT-01","halite",37,0.44803819,64.3
"FT-01","halite",36.5,0.44803819,64.3
"FT-01","halite",36,0.44803819,64.3
"FT-01","halite",35.5,0.44803819,64.3
"FT-01","halite",35,0.44803819,64.3
"FT-01","halite",34.5,0.44803819,64.3
"FT-01","halite",34,0.44803819,64.3
"FT-01","halite",33.5,0.44803819,64.3
"FT-01","halite",33,0.44803819,64.3
"FT-01","halite",32.5,0.44803819,64.3
"FT-01","halite",32,0.44803819,64.3
"FT-01","halite",31.5,0.44803819,64.3
"FT-01","halite",31,0.44803819,64.3
"FT-01","halite",30.5,0.44803819,64.3
"FT-01","halite",30,0.44803819,64.3
"FT-01","halite",29.5,0.44803819,64.3
"FT-01","halite",29,0.44803819,64.3
"FT-01","halite",28.5,0.44803819,64.3
"FT-01","halite",28,0.44803819,64.3
"FT-01","halite",27.5,0.44803819,64.3
"FT-01","halite",27,0.44803819,64.3
"FT-01","halite",26.5,0.44803819,64.3
"FT-01","halite",26,0.44803819,64.3
"FT-01","halite",25.5,0.44803819,64.3
"FT-01","halite",25,0.44803819,64.3
"FT-01","halite",24.5,0.44803819,64.3
"FT-01","halite",24,0.44803819,64.3
"FT-01","halite",23.5,0.44803819,64.3
"FT-01","halite",23,0.44803819,64.3
"FT-01","halite",22.5,0.44803819,64.3
"FT-01","halite",22,0.44803819,64.3
"FT-01","halite",21.5,0.44803819,64.3
"FT-01","halite",21,0.44803819,64.3
"FT-01","halite",20.5,0.44803819,64.3
"FT-01","halite",20,0.44803819,64.3
"FT-01","halite",19.5,0.44803819,64.3
"FT-01","halite",19,0.44803819,64.3
"FT-01","halite",18.5,0.44803819,64.3
"FT-01","halite",18,0.44803819,64.3
"FT-01","halite",17.5,0.44803819,64.3
"FT-01","halite",17,0.44803819,64.3
"FT-01","halite",16.5,0.44803819,64.3
"FT-01","halite",16,0.44803819,64.3
"FT-01","halite",15.5,0.44803819,64.3
"FT-01","halite",15,0.44803819,64.3
"FT-01","nitromagnesite",98,0,39.4
"FT-01","nitromagnesite",97.5,0,39.4
"FT-01","nitromagnesite",97,0,39.4
"FT-01","nitromagnesite",96.5,0,39.4
"FT-01","nitromagnesite",96,0,39.4
"FT-01","nitromagnesite",95.5,0,39.4
"FT-01","nitromagnesite",95,0,39.4
"FT-01","nitromagnesite",94.5,0,39.4
"FT-01","nitromagnesite",94,0,39.4
"FT-01","nitromagnesite",93.5,0,39.4
"FT-01","nitromagnesite",93,0,39.4
"FT-01","nitromagnesite",92.5,0,39.4
"FT-01","nitromagnesite",92,0,39.4
"FT-01","nitromagnesite",91.5,0,39.4
"FT-01","nitromagnesite",91,0,39.4
"FT-01","nitromagnesite",90.5,0,39.4
"FT-01","nitromagnesite",90,0,39.4
"FT-01","nitromagnesite",89.5,0,39.4
"FT-01","nitromagnesite",89,0,39.4
"FT-01","nitromagnesite",88.5,0,39.4
"FT-01","nitromagnesite",88,0,39.4
"FT-01","nitromagnesite",87.5,0,39.4
"FT-01","nitromagnesite",87,0,39.4
"FT-01","nitromagnesite",86.5,0,39.4
"FT-01","nitromagnesite",86,0,39.4
"FT-01","nitromagnesite",85.5,0,39.4
"FT-01","nitromagnesite",85,0,39.4
"FT-01","nitromagnesite",84.5,0,39.4
"FT-01","nitromagnesite",84,0,39.4
"FT-01","nitromagnesite",83.5,0,39.4
"FT-01","nitromagnesite",83,0,39.4
"FT-01","nitromagnesite",82.5,0,39.4
"FT-01","nitromagnesite",82,0,39.4
"FT-01","nitromagnesite",81.5,0,39.4
"FT-01","nitromagnesite",81,0,39.4
"FT-01","nitromagnesite",80.5,0,39.4
"FT-01","nitromagnesite",80,0,39.4
"FT-01","nitromagnesite",79.5,0,39.4
"FT-01","nitromagnesite",79,0,39.4
"FT-01","nitromagnesite",78.5,0,39.4
"FT-01","nitromagnesite",78,0,39.4
"FT-01","nitromagnesite",77.5,0,39.4
"FT-01","nitromagnesite",77,0,39.4
"FT-01","nitromagnesite",76.5,0,39.4
"FT-01","nitromagnesite",76,0,39.4
"FT-01","nitromagnesite",75.5,0,39.4
"FT-01","nitromagnesite",75,0,39.4
"FT-01","nitromagnesite",74.5,0,39.4
"FT-01","nitromagnesite",74,0,39.4
"FT-01","nitromagnesite",73.5,0,39.4
"FT-01","nitromagnesite",73,0,39.4
"FT-01","nitromagnesite",72.5,0,39.4
"FT-01","nitromagnesite",72,0,39.4
"FT-01","nitromagnesite",71.5,0,39.4
"FT-01","nitromagnesite",71,0,39.4
"FT-01","nitromagnesite",70.5,0,39.4
"FT-01","nitromagnesite",70,0,39.4
"FT-01","nitromagnesite",69.5,0,39.4
"FT-01","nitromagnesite",69,0,39.4
"FT-01","nitromagnesite",68.5,0,39.4
"FT-01","nitromagnesite",68,0,39.4
"FT-01","nitromagnesite",67.5,0,39.4
"FT-01","nitromagnesite",67,0,39.4
"FT-01","nitromagnesite",66.5,0,39.4
"FT-01","nitromagnesite",66,0,39.4
"FT-01","nitromagnesite",65.5,0,39.4
"FT-01","nitromagnesite",65,0,39.4
"FT-01","nitromagnesite",64.5,0,39.4
"FT-01","nitromagnesite",64,0,39.4
"FT-01","nitromagnesite",63.5,0,39.4
"FT-01","nitromagnesite",63,0,39.4
"FT-01","nitromagnesite",62.5,0,39.4
"FT-01","nitromagnesite",62,0,39.4
"FT-01","nitromagnesite",61.5,0,39.4
"FT-01","nitromagnesite",61,0,39.4
"FT-01","nitromagnesite",60.5,0,39.4
"FT-01","nitromagnesite",60,0,39.4
"FT-01","nitromagnesite",59.5,0,39.4
"FT-01","nitromagnesite",59,0,39.4
"FT-01","nitromagnesite",58.5,0,39.4
"FT-01","nitromagnesite",58,0,39.4
"FT-01","nitromagnesite",57.5,0,39.4
"FT-01","nitromagnesite",57,0,39.4
"FT-01","nitromagnesite",56.5,0,39.4
"FT-01","nitromagnesite",56,0,39.4
"FT-01","nitromagnesite",55.5,0,39.4
"FT-01","nitromagnesite",55,0,39.4
"FT-01","nitromagnesite",54.5,0,39.4
"FT-01","nitromagnesite",54,0,39.4
"FT-01","nitromagnesite",53.5,0,39.4
"FT-01","nitromagnesite",53,0,39.4
"FT-01","nitromagnesite",52.5,0,39.4
"FT-01","nitromagnesite",52,0,39.4
"FT-01","nitromagnesite",51.5,0,39.4
"FT-01","nitromagnesite",51,1e-08,39.4
"FT-01","nitromagnesite",50.5,1e-08,39.4
"FT-01","nitromagnesite",50,3e-08,39.4
"FT-01","nitromagnesite",49.5,4e-08,39.4
"FT-01","nitromagnesite",49,8e-08,39.4
"FT-01","nitromagnesite",48.5,1.3e-07,39.4
"FT-01","nitromagnesite",48,2.3e-07,39.4
"FT-01","nitromagnesite",47.5,4e-07,39.4
"FT-01","nitromagnesite",47,7.1e-07,39.4
"FT-01","nitromagnesite",46.5,1.23e-06,39.4
"FT-01","nitromagnesite",46,2.14e-06,39.4
"FT-01","nitromagnesite",45.5,3.73e-06,39.4
"FT-01","nitromagnesite",45,6.5e-06,39.4
"FT-01","nitromagnesite",44.5,1.131e-05,39.4
"FT-01","nitromagnesite",44,1.966e-05,39.4
"FT-01","nitromagnesite",43.5,3.411e-05,39.4
"FT-01","nitromagnesite",43,5.899e-05,39.4
"FT-01","nitromagnesite",42.5,0.00010147,39.4
"FT-01","nitromagnesite",42,0.00017287,39.4
"FT-01","nitromagnesite",41.5,0.00028995,39.4
"FT-01","nitromagnesite",41,0.00047421,39.4
"FT-01","nitromagnesite",40.5,0.00074634,39.4
"FT-01","nitromagnesite",40,0.00111271,39.4
"FT-01","nitromagnesite",39.5,0.00154896,39.4
"FT-01","nitromagnesite",39,0.00199854,39.4
"FT-01","nitromagnesite",38.5,0.00239784,39.4
"FT-01","nitromagnesite",38,0.00270831,39.4
"FT-01","nitromagnesite",37.5,0.00292565,39.4
"FT-01","nitromagnesite",37,0.00306687,39.4
"FT-01","nitromagnesite",36.5,0.00315421,39.4
"FT-01","nitromagnesite",36,0.00320662,39.4
"FT-01","nitromagnesite",35.5,0.00323747,39.4
"FT-01","nitromagnesite",35,0.00325545,39.4
"FT-01","nitromagnesite",34.5,0.00326585,39.4
"FT-01","nitromagnesite",34,0.00327185,39.4
"FT-01","nitromagnesite",33.5,0.0032753,39.4
"FT-01","nitromagnesite",33,0.00327729,39.4
"FT-01","nitromagnesite",32.5,0.00327843,39.4
"FT-01","nitromagnesite",32,0.00327908,39.4
"FT-01","nitromagnesite",31.5,0.00327946,39.4
"FT-01","nitromagnesite",31,0.00327967,39.4
"FT-01","nitromagnesite",30.5,0.0032798,39.4
"FT-01","nitromagnesite",30,0.00327987,39.4
"FT-01","nitromagnesite",29.5,0.00327991,39.4
"FT-01","nitromagnesite",29,0.00327993,39.4
"FT-01","nitromagnesite",28.5,0.00327994,39.4
"FT-01","nitromagnesite",28,0.00327995,39.4
"FT-01","nitromagnesite",27.5,0.00327996,39.4
"FT-01","nitromagnesite",27,0.00327996,39.4
"FT-01","nitromagnesite",26.5,0.00327996,39.4
"FT-01","nitromagnesite",26,0.00327996,39.4
"FT-01","nitromagnesite",25.5,0.00327996,39.4
"FT-01","nitromagnesite",25,0.00327996,39.4
"FT-01","nitromagnesite",24.5,0.00327996,39.4
"FT-01","nitromagnesite",24,0.00327996,39.4
"FT-01","nitromagnesite",23.5,0.00327996,39.4
"FT-01","nitromagnesite",23,0.00327996,39.4
"FT-01","nitromagnesite",22.5,0.00327996,39.4
"FT-01","nitromagnesite",22,0.00327996,39.4
"FT-01","nitromagnesite",21.5,0.00327996,39.4
"FT-01","nitromagnesite",21,0.00327996,39.4
"FT-01","nitromagnesite",20.5,0.00327996,39.4
"FT-01","nitromagnesite",20,0.00327996,39.4
"FT-01","nitromagnesite",19.5,0.00327996,39.4
"FT-01","nitromagnesite",19,0.00327996,39.4
"FT-01","nitromagnesite",18.5,0.00327996,39.4
"FT-01","nitromagnesite",18,0.00327996,39.4
"FT-01","nitromagnesite",17.5,0.00327996,39.4
"FT-01","nitromagnesite",17,0.00327996,39.4
"FT-01","nitromagnesite",16.5,0.00327996,39.4
"FT-01","nitromagnesite",16,0.00327996,39.4
"FT-01","nitromagnesite",15.5,0.00327996,39.4
"FT-01","nitromagnesite",15,0.00327996,39.4
"FT-01","bischofite",98,0,20
"FT-01","bischofite",97.5,0,20
"FT-01","bischofite",97,0,20
"FT-01","bischofite",96.5,0,20
"FT-01","bischofite",96,0,20
"FT-01","bischofite",95.5,0,20
"FT-01","bischofite",95,0,20
"FT-01","bischofite",94.5,0,20
"FT-01","bischofite",94,0,20
"FT-01","bischofite",93.5,0,20
"FT-01","bischofite",93,0,20
"FT-01","bischofite",92.5,0,20
"FT-01","bischofite",92,0,20
"FT-01","bischofite",91.5,0,20
"FT-01","bischofite",91,0,20
"FT-01","bischofite",90.5,0,20
"FT-01","bischofite",90,0,20
"FT-01","bischofite",89.5,0,20
"FT-01","bischofite",89,0,20
"FT-01","bischofite",88.5,0,20
"FT-01","bischofite",88,0,20
"FT-01","bischofite",87.5,0,20
"FT-01","bischofite",87,0,20
"FT-01","bischofite",86.5,0,20
"FT-01","bischofite",86,0,20
"FT-01","bischofite",85.5,0,20
"FT-01","bischofite",85,0,20
"FT-01","bischofite",84.5,0,20
"FT-01","bischofite",84,0,20
"FT-01","bischofite",83.5,0,20
"FT-01","bischofite",83,0,20
"FT-01","bischofite",82.5,0,20
"FT-01","bischofite",82,0,20
"FT-01","bischofite",81.5,0,20
"FT-01","bischofite",81,0,20
"FT-01","bischofite",80.5,0,20
"FT-01","bischofite",80,0,20
"FT-01","bischofite",79.5,0,20
"FT-01","bischofite",79,0,20
"FT-01","bischofite",78.5,0,20
"FT-01","bischofite",78,0,20
"FT-01","bischofite",77.5,0,20
"FT-01","bischofite",77,0,20
"FT-01","bischofite",76.5,0,20
"FT-01","bischofite",76,0,20
"FT-01","bischofite",75.5,0,20
"FT-01","bischofite",75,0,20
"FT-01","bischofite",74.5,0,20
"FT-01","bischofite",74,0,20
"FT-01","bischofite",73.5,0,20
"FT-01","bischofite",73,0,20
"FT-01","bischofite",72.5,0,20
"FT-01","bischofite",72,0,20
"FT-01","bischofite",71.5,0,20
"FT-01","bischofite",71,0,20
"FT-01","bischofite",70.5,0,20
"FT-01","bischofite",70,0,20
"FT-01","bischofite",69.5,0,20
"FT-01","bischofite",69,0,20
"FT-01","bischofite",68.5,0,20
"FT-01","bischofite",68,0,20
"FT-01","bischofite",67.5,0,20
"FT-01","bischofite",67,0,20
"FT-01","bischofite",66.5,0,20
"FT-01","bischofite",66,0,20
"FT-01","bischofite",65.5,0,20
"FT-01","bischofite",65,0,20
"FT-01","bischofite",64.5,0,20
"FT-01","bischofite",64,0,20
"FT-01","bischofite",63.5,0,20
"FT-01","bischofite",63,0,20
"FT-01","bischofite",62.5,0,20
"FT-01","bischofite",62,0,20
"FT-01","bischofite",61.5,0,20
"FT-01","bischofite",61,0,20
"FT-01","bischofite",60.5,0,20
"FT-01","bischofite",60,0,20
"FT-01","bischofite",59.5,0,20
"FT-01","bischofite",59,0,20
"FT-01","bischofite",58.5,0,20
"FT-01","bischofite",58,0,20
"FT-01","bischofite",57.5,0,20
"FT-01","bischofite",57,0,20
"FT-01","bischofite",56.5,0,20
"FT-01","bischofite",56,0,20
"FT-01","bischofite",55.5,0,20
"FT-01","bischofite",55,0,20
"FT-01","bischofite",54.5,0,20
"FT-01","bischofite",54,0,20
"FT-01","bischofite",53.5,0,20
"FT-01","bischofite",53,0,20
"FT-01","bischofite",52.5,0,20
"FT-01","bischofite",52,0,20
"FT-01","bischofite",51.5,0,20
"FT-01","bischofite",51,0,20
"FT-01","bischofite",50.5,0,20
"FT-01","bischofite",50,0,20
"FT-01","bischofite",49.5,0,20
"FT-01","bischofite",49,0,20
"FT-01","bischofite",48.5,0,20
"FT-01","bischofite",48,0,20
"FT-01","bischofite",47.5,0,20
"FT-01","bischofite",47,0,20
"FT-01","bischofite",46.5,0,20
"FT-01","bischofite",46,0,20
"FT-01","bischofite",45.5,0,20
"FT-01","bischofite",45,0,20
"FT-01","bischofite",44.5,0,20
"FT-01","bischofite",44,0,20
"FT-01","bischofite",43.5,0,20
"FT-01","bischofite",43,0,20
"FT-01","bischofite",42.5,0,20
"FT-01","bischofite",42,0,20
"FT-01","bischofite",41.5,0,20
"FT-01","bischofite",41,0,20
"FT-01","bischofite",40.5,0,20
"FT-01","bischofite",40,0,20
"FT-01","bischofite",39.5,0,20
"FT-01","bischofite",39,0,20
"FT-01","bischofite",38.5,0,20
"FT-01","bischofite",38,0,20
"FT-01","bischofite",37.5,0,20
"FT-01","bischofite",37,0,20
"FT-01","bischofite",36.5,0,20
"FT-01","bischofite",36,0,20
"FT-01","bischofite",35.5,0,20
"FT-01","bischofite",35,0,20
"FT-01","bischofite",34.5,0,20
"FT-01","bischofite",34,0,20
"FT-01","bischofite",33.5,0,20
"FT-01","bischofite",33,1e-08,20
"FT-01","bischofite",32.5,1e-08,20
"FT-01","bischofite",32,2e-08,20
"FT-01","bischofite",31.5,4e-08,20
"FT-01","bischofite",31,8e-08,20
"FT-01","bischofite",30.5,1.3e-07,20
"FT-01","bischofite",30,2.3e-07,20
"FT-01","bischofite",29.5,4e-07,20
"FT-01","bischofite",29,7e-07,20
"FT-01","bischofite",28.5,1.22e-06,20
"FT-01","bischofite",28,2.12e-06,20
"FT-01","bischofite",27.5,3.7e-06,20
"FT-01","bischofite",27,6.45e-06,20
"FT-01","bischofite",26.5,1.124e-05,20
"FT-01","bischofite",26,1.959e-05,20
"FT-01","bischofite",25.5,3.41e-05,20
"FT-01","bischofite",25,5.934e-05,20
"FT-01","bischofite",24.5,0.00010313,20
"FT-01","bischofite",24,0.00017886,20
"FT-01","bischofite",23.5,0.00030907,20
"FT-01","bischofite",23,0.00053077,20
"FT-01","bischofite",22.5,0.000902,20
"FT-01","bischofite",22,0.00150659,20
"FT-01","bischofite",21.5,0.00244803,20
"FT-01","bischofite",21,0.00381628,20
"FT-01","bischofite",20.5,0.00561779,20
"FT-01","bischofite",20,0.00770455,20
"FT-01","bischofite",19.5,0.0097913,20
"FT-01","bischofite",19,0.01159282,20
"FT-01","bischofite",18.5,0.01296107,20
"FT-01","bischofite",18,0.01390251,20
"FT-01","bischofite",17.5,0.01450709,20
"FT-01","bischofite",17,0.01487833,20
"FT-01","bischofite",16.5,0.01510003,20
"FT-01","bischofite",16,0.01523024,20
"FT-01","bischofite",15.5,0.01530596,20
"FT-01","bischofite",15,0.01534975,20
"FT-01","water",98,52.89227438,20
"FT-01","water",97.5,42.09770486,20
"FT-01","water",97,34.90118699,20
"FT-01","water",96.5,29.76061203,20
"FT-01","water",96,25.90487057,20
"FT-01","water",95.5,22.90548462,20
"FT-01","water",95,20.5052392,20
"FT-01","water",94.5,18.54025711,20
"FT-01","water",94,16.90099612,20
"FT-01","water",93.5,15.51120402,20
"FT-01","water",93,14.31587359,20
"FT-01","water",92.5,13.27409153,20
"FT-01","water",92,12.35486971,20
"FT-01","water",91.5,11.53506472,20
"FT-01","water",91,10.79863008,20
"FT-01","water",90.5,10.13580362,20
"FT-01","water",90,9.54071371,20
"FT-01","water",89.5,9.00796061,20
"FT-01","water",89,8.53069703,20
"FT-01","water",88.5,8.10110473,20
"FT-01","water",88,7.71171737,20
"FT-01","water",87.5,7.35620299,20
"FT-01","water",87,7.02945891,20
"FT-01","water",86.5,6.72737406,20
"FT-01","water",86,6.44652826,20
"FT-01","water",85.5,6.18393968,20
"FT-01","water",85,5.93690932,20
"FT-01","water",84.5,5.70302824,20
"FT-01","water",84,5.48043691,20
"FT-01","water",83.5,5.26830025,20
"FT-01","water",83,5.06707935,20
"FT-01","water",82.5,4.87799634,20
"FT-01","water",82,4.70186304,20
"FT-01","water",81.5,4.5383504,20
"FT-01","water",81,4.38621464,20
"FT-01","water",80.5,4.24392383,20
"FT-01","water",80,4.11009045,20
"FT-01","water",79.5,3.98360959,20
"FT-01","water",79,3.86363722,20
"FT-01","water",78.5,3.74952443,20
"FT-01","water",78,3.64075719,20
"FT-01","water",77.5,3.53691329,20
"FT-01","water",77,3.43763412,20
"FT-01","water",76.5,3.34260699,20
"FT-01","water",76,3.2515538,20
"FT-01","water",75.5,3.16422373,20
"FT-01","water",75,3.08038815,20
"FT-01","water",74.5,2.99983685,20
"FT-01","water",74,2.92237478,20
"FT-01","water",73.5,2.84781893,20
"FT-01","water",73,2.77599479,20
"FT-01","water",72.5,2.70673155,20
"FT-01","water",72,2.63985521,20
"FT-01","water",71.5,2.57517773,20
"FT-01","water",71,2.51247944,20
"FT-01","water",70.5,2.45147982,20
"FT-01","water",70,2.39178887,20
"FT-01","water",69.5,2.33282581,20
"FT-01","water",69,2.27368442,20
"FT-01","water",68.5,2.21291391,20
"FT-01","water",68,2.14817423,20
"FT-01","water",67.5,2.07572957,20
"FT-01","water",67,1.9898046,20
"FT-01","water",66.5,1.88204378,20
"FT-01","water",66,1.74183596,20
"FT-01","water",65.5,1.5590478,20
"FT-01","water",65,1.33065692,20
"FT-01","water",64.5,1.06923541,20
"FT-01","water",64,0.80456853,20
"FT-01","water",63.5,0.57112473,20
"FT-01","water",63,0.39033037,20
"FT-01","water",62.5,0.2643539,20
"FT-01","water",62,0.18296288,20
"FT-01","water",61.5,0.13283454,20
"FT-01","water",61,0.10273578,20
"FT-01","water",60.5,0.08479655,20
"FT-01","water",60,0.07401139,20
"FT-01","water",59.5,0.06736266,20
"FT-01","water",59,0.06308507,20
"FT-01","water",58.5,0.06016339,20
"FT-01","water",58,0.05801924,20
"FT-01","water",57.5,0.05632478,20
"FT-01","water",57,0.05489461,20
"FT-01","water",56.5,0.05362391,20
"FT-01","water",56,0.05245332,20
"FT-01","water",55.5,0.05134911,20
"FT-01","water",55,0.05029199,20
"FT-01","water",54.5,0.04927078,20
"FT-01","water",54,0.04827891,20
"FT-01","water",53.5,0.04731239,20
"FT-01","water",53,0.04636868,20
"FT-01","water",52.5,0.04544612,20
"FT-01","water",52,0.04454348,20
"FT-01","water",51.5,0.04365986,20
"FT-01","water",51,0.0427945,20
"FT-01","water",50.5,0.04194674,20
"FT-01","water",50,0.04111599,20
"FT-01","water",49.5,0.04030172,20
"FT-01","water",49,0.03950341,20
"FT-01","water",48.5,0.03872057,20
"FT-01","water",48,0.0379527,20
"FT-01","water",47.5,0.03719932,20
"FT-01","water",47,0.03645992,20
"FT-01","water",46.5,0.03573392,20
"FT-01","water",46,0.03502066,20
"FT-01","water",45.5,0.03431929,20
"FT-01","water",45,0.03362861,20
"FT-01","water",44.5,0.03294688,20
"FT-01","water",44,0.03227139,20
"FT-01","water",43.5,0.03159785,20
"FT-01","water",43,0.03091937,20
"FT-01","water",42.5,0.03022504,20
"FT-01","water",42,0.0294982,20
"FT-01","water",41.5,0.02871519,20
"FT-01","water",41,0.02784711,20
"FT-01","water",40.5,0.02686884,20
"FT-01","water",40,0.02577865,20
"FT-01","water",39.5,0.02461941,20
"FT-01","water",39,0.02347617,20
"FT-01","water",38.5,0.02243684,20
"FT-01","water",38,0.02154823,20
"FT-01","water",37.5,0.02080769,20
"FT-01","water",37,0.02018486,20
"FT-01","water",36.5,0.01964485,20
"FT-01","water",36,0.01915952,20
"FT-01","water",35.5,0.01870959,20
"FT-01","water",35,0.01828289,20
"FT-01","water",34.5,0.01787208,20
"FT-01","water",34,0.01747283,20
"FT-01","water",33.5,0.01708261,20
"FT-01","water",33,0.01669991,20
"FT-01","water",32.5,0.01632384,20
"FT-01","water",32,0.01595383,20
"FT-01","water",31.5,0.01558952,20
"FT-01","water",31,0.01523065,20
"FT-01","water",30.5,0.01487702,20
"FT-01","water",30,0.01452845,20
"FT-01","water",29.5,0.01418479,20
"FT-01","water",29,0.01384588,20
"FT-01","water",28.5,0.01351154,20
"FT-01","water",28,0.01318153,20
"FT-01","water",27.5,0.01285554,20
"FT-01","water",27,0.01253311,20
"FT-01","water",26.5,0.01221354,20
"FT-01","water",26,0.01189568,20
"FT-01","water",25.5,0.01157768,20
"FT-01","water",25,0.01125649,20
"FT-01","water",24.5,0.01092704,20
"FT-01","water",24,0.01058101,20
"FT-01","water",23.5,0.01020485,20
"FT-01","water",23,0.00977719,20
"FT-01","water",22.5,0.00926582,20
"FT-01","water",22,0.00862668,20
"FT-01","water",21.5,0.00780966,20
"FT-01","water",21,0.0067796,20
"FT-01","water",20.5,0.00555456,20
"FT-01","water",20,0.0042375,20
"FT-01","water",19.5,0.00299383,20
"FT-01","water",19,0.00196939,20
"FT-01","water",18.5,0.00122251,20
"FT-01","water",18,0.00072757,20
"FT-01","water",17.5,0.00042093,20
"FT-01","water",17,0.00023917,20
"FT-01","water",16.5,0.00013436,20
"FT-01","water",16,7.495e-05,20
"FT-01","water",15.5,4.162e-05,20
"FT-01","water",15,2.304e-05,20
"BS-05","niter",98,4.584e-05,90.6
"BS-05","niter",97.5,7.988e-05,90.6
"BS-05","niter",97,0.00013918,90.6
"BS-05","niter",96.5,0.00024243,90.6
"BS-05","niter",96,0.00042208,90.6
"BS-05","niter",95.5,0.0007343,90.6
"BS-05","niter",95,0.00127575,90.6
"BS-05","niter",94.5,0.00221124,90.6
"BS-05","niter",94,0.00381725,90.6
"BS-05","niter",93.5,0.0065444,90.6
"BS-05","niter",93,0.01109042,90.6
"BS-05","niter",92.5,0.01843958,90.6
"BS-05","niter",92,0.02975099,90.6
"BS-05","niter",91.5,0.04590906,90.6
"BS-05","niter",91,0.06669059,90.6
"BS-05","niter",90.5,0.09008828,90.6
"BS-05","niter",90,0.11279297,90.6
"BS-05","niter",89.5,0.13186014,90.6
"BS-05","niter",89,0.14602298,90.6
"BS-05","niter",88.5,0.15561274,90.6
"BS-05","niter",88,0.16170582,90.6
"BS-05","niter",87.5,0.16542213,90.6
"BS-05","niter",87,0.16763252,90.6
"BS-05","niter",86.5,0.16892761,90.6
"BS-05","niter",86,0.16967975,90.6
"BS-05","niter",85.5,0.17011432,90.6
"BS-05","niter",85,0.17036467,90.6
"BS-05","niter",84.5,0.17050864,90.6
"BS-05","niter",84,0.17059135,90.6
"BS-05","niter",83.5,0.17063884,90.6
"BS-05","niter",83,0.1706661,90.6
"BS-05","niter",82.5,0.17068175,90.6
"BS-05","niter",82,0.17069073,90.6
"BS-05","niter",81.5,0.17069588,90.6
"BS-05","niter",81,0.17069883,90.6
"BS-05","niter",80.5,0.17070053,90.6
"BS-05","niter",80,0.1707015,90.6
"BS-05","niter",79.5,0.17070206,90.6
"BS-05","niter",79,0.17070238,90.6
"BS-05","niter",78.5,0.17070257,90.6
"BS-05","niter",78,0.17070267,90.6
"BS-05","niter",77.5,0.17070273,90.6
"BS-05","niter",77,0.17070277,90.6
"BS-05","niter",76.5,0.17070279,90.6
"BS-05","niter",76,0.1707028,90.6
"BS-05","niter",75.5,0.1707028,90.6
"BS-05","niter",75,0.17070281,90.6
"BS-05","niter",74.5,0.17070281,90.6
"BS-05","niter",74,0.17070281,90.6
"BS-05","niter",73.5,0.17070281,90.6
"BS-05","niter",73,0.17070281,90.6
"BS-05","niter",72.5,0.17070281,90.6
"BS-05","niter",72,0.17070281,90.6
"BS-05","niter",71.5,0.17070281,90.6
"BS-05","niter",71,0.17070281,90.6
"BS-05","niter",70.5,0.17070281,90.6
"BS-05","niter",70,0.17070281,90.6
"BS-05","niter",69.5,0.17070281,90.6
"BS-05","niter",69,0.17070281,90.6
"BS-05","niter",68.5,0.17070281,90.6
"BS-05","niter",68,0.17070281,90.6
"BS-05","niter",67.5,0.17070281,90.6
"BS-05","niter",67,0.17070281,90.6
"BS-05","niter",66.5,0.17070281,90.6
"BS-05","niter",66,0.17070281,90.6
"BS-05","niter",65.5,0.17070281,90.6
"BS-05","niter",65,0.17070281,90.6
"BS-05","niter",64.5,0.17070281,90.6
"BS-05","niter",64,0.17070281,90.6
"BS-05","niter",63.5,0.17070281,90.6
"BS-05","niter",63,0.17070281,90.6
"BS-05","niter",62.5,0.17070281,90.6
"BS-05","niter",62,0.17070281,90.6
"BS-05","niter",61.5,0.17070281,90.6
"BS-05","niter",61,0.17070281,90.6
"BS-05","niter",60.5,0.17070281,90.6
"BS-05","niter",60,0.17070281,90.6
"BS-05","niter",59.5,0.17070281,90.6
"BS-05","niter",59,0.17070281,90.6
"BS-05","niter",58.5,0.17070281,90.6
"BS-05","niter",58,0.17070281,90.6
"BS-05","niter",57.5,0.17070281,90.6
"BS-05","niter",57,0.17070281,90.6
"BS-05","niter",56.5,0.17070281,90.6
"BS-05","niter",56,0.17070281,90.6
"BS-05","niter",55.5,0.17070281,90.6
"BS-05","niter",55,0.17070281,90.6
"BS-05","niter",54.5,0.17070281,90.6
"BS-05","niter",54,0.17070281,90.6
"BS-05","niter",53.5,0.17070281,90.6
"BS-05","niter",53,0.17070281,90.6
"BS-05","niter",52.5,0.17070281,90.6
"BS-05","niter",52,0.17070281,90.6
"BS-05","niter",51.5,0.17070281,90.6
"BS-05","niter",51,0.17070281,90.6
"BS-05","niter",50.5,0.17070281,90.6
"BS-05","niter",50,0.17070281,90.6
"BS-05","niter",49.5,0.17070281,90.6
"BS-05","niter",49,0.17070281,90.6
"BS-05","niter",48.5,0.17070281,90.6
"BS-05","niter",48,0.17070281,90.6
"BS-05","niter",47.5,0.17070281,90.6
"BS-05","niter",47,0.17070281,90.6
"BS-05","niter",46.5,0.17070281,90.6
"BS-05","niter",46,0.17070281,90.6
"BS-05","niter",45.5,0.17070281,90.6
"BS-05","niter",45,0.17070281,90.6
"BS-05","niter",44.5,0.17070281,90.6
"BS-05","niter",44,0.17070281,90.6
"BS-05","niter",43.5,0.17070281,90.6
"BS-05","niter",43,0.17070281,90.6
"BS-05","niter",42.5,0.17070281,90.6
"BS-05","niter",42,0.17070281,90.6
"BS-05","niter",41.5,0.17070281,90.6
"BS-05","niter",41,0.17070281,90.6
"BS-05","niter",40.5,0.17070281,90.6
"BS-05","niter",40,0.17070281,90.6
"BS-05","niter",39.5,0.17070281,90.6
"BS-05","niter",39,0.17070281,90.6
"BS-05","niter",38.5,0.17070281,90.6
"BS-05","niter",38,0.17070281,90.6
"BS-05","niter",37.5,0.17070281,90.6
"BS-05","niter",37,0.17070281,90.6
"BS-05","niter",36.5,0.17070281,90.6
"BS-05","niter",36,0.17070281,90.6
"BS-05","niter",35.5,0.17070281,90.6
"BS-05","niter",35,0.17070281,90.6
"BS-05","niter",34.5,0.17070281,90.6
"BS-05","niter",34,0.17070281,90.6
"BS-05","niter",33.5,0.17070281,90.6
"BS-05","niter",33,0.17070281,90.6
"BS-05","niter",32.5,0.17070281,90.6
"BS-05","niter",32,0.17070281,90.6
"BS-05","niter",31.5,0.17070281,90.6
"BS-05","niter",31,0.17070281,90.6
"BS-05","niter",30.5,0.17070281,90.6
"BS-05","niter",30,0.17070281,90.6
"BS-05","niter",29.5,0.17070281,90.6
"BS-05","niter",29,0.17070281,90.6
"BS-05","niter",28.5,0.17070281,90.6
"BS-05","niter",28,0.17070281,90.6
"BS-05","niter",27.5,0.17070281,90.6
"BS-05","niter",27,0.17070281,90.6
"BS-05","niter",26.5,0.17070281,90.6
"BS-05","niter",26,0.17070281,90.6
"BS-05","niter",25.5,0.17070281,90.6
"BS-05","niter",25,0.17070281,90.6
"BS-05","niter",24.5,0.17070281,90.6
"BS-05","niter",24,0.17070281,90.6
"BS-05","niter",23.5,0.17070281,90.6
"BS-05","niter",23,0.17070281,90.6
"BS-05","niter",22.5,0.17070281,90.6
"BS-05","niter",22,0.17070281,90.6
"BS-05","niter",21.5,0.17070281,90.6
"BS-05","niter",21,0.17070281,90.6
"BS-05","niter",20.5,0.17070281,90.6
"BS-05","niter",20,0.17070281,90.6
"BS-05","niter",19.5,0.17070281,90.6
"BS-05","niter",19,0.17070281,90.6
"BS-05","niter",18.5,0.17070281,90.6
"BS-05","niter",18,0.17070281,90.6
"BS-05","niter",17.5,0.17070281,90.6
"BS-05","niter",17,0.17070281,90.6
"BS-05","niter",16.5,0.17070281,90.6
"BS-05","niter",16,0.17070281,90.6
"BS-05","niter",15.5,0.17070281,90.6
"BS-05","niter",15,0.17070281,90.6
"BS-05","epsomite",98,0,83.1
"BS-05","epsomite",97.5,0,83.1
"BS-05","epsomite",97,0,83.1
"BS-05","epsomite",96.5,1e-08,83.1
"BS-05","epsomite",96,1e-08,83.1
"BS-05","epsomite",95.5,2e-08,83.1
"BS-05","epsomite",95,3e-08,83.1
"BS-05","epsomite",94.5,5e-08,83.1
"BS-05","epsomite",94,9e-08,83.1
"BS-05","epsomite",93.5,1.6e-07,83.1
"BS-05","epsomite",93,2.7e-07,83.1
"BS-05","epsomite",92.5,4.8e-07,83.1
"BS-05","epsomite",92,8.3e-07,83.1
"BS-05","epsomite",91.5,1.45e-06,83.1
"BS-05","epsomite",91,2.53e-06,83.1
"BS-05","epsomite",90.5,4.4e-06,83.1
"BS-05","epsomite",90,7.67e-06,83.1
"BS-05","epsomite",89.5,1.337e-05,83.1
"BS-05","epsomite",89,2.328e-05,83.1
"BS-05","epsomite",88.5,4.054e-05,83.1
"BS-05","epsomite",88,7.053e-05,83.1
"BS-05","epsomite",87.5,0.00012253,83.1
"BS-05","epsomite",87,0.00021239,83.1
"BS-05","epsomite",86.5,0.00036664,83.1
"BS-05","epsomite",86,0.00062858,83.1
"BS-05","epsomite",85.5,0.00106522,83.1
"BS-05","epsomite",85,0.00177109,83.1
"BS-05","epsomite",84.5,0.00285754,83.1
"BS-05","epsomite",84,0.00440949,83.1
"BS-05","epsomite",83.5,0.00640553,83.1
"BS-05","epsomite",83,0.00865284,83.1
"BS-05","epsomite",82.5,0.01083359,83.1
"BS-05","epsomite",82,0.01266496,83.1
"BS-05","epsomite",81.5,0.01402528,83.1
"BS-05","epsomite",81,0.01494636,83.1
"BS-05","epsomite",80.5,0.01553159,83.1
"BS-05","epsomite",80,0.01588854,83.1
"BS-05","epsomite",79.5,0.01610084,83.1
"BS-05","epsomite",79,0.01622523,83.1
"BS-05","epsomite",78.5,0.01629747,83.1
"BS-05","epsomite",78,0.01633921,83.1
"BS-05","epsomite",77.5,0.01636326,83.1
"BS-05","epsomite",77,0.01637709,83.1
"BS-05","epsomite",76.5,0.01638503,83.1
"BS-05","epsomite",76,0.01638959,83.1
"BS-05","epsomite",75.5,0.01639221,83.1
"BS-05","epsomite",75,0.01639371,83.1
"BS-05","epsomite",74.5,0.01639458,83.1
"BS-05","epsomite",74,0.01639507,83.1
"BS-05","epsomite",73.5,0.01639535,83.1
"BS-05","epsomite",73,0.01639552,83.1
"BS-05","epsomite",72.5,0.01639561,83.1
"BS-05","epsomite",72,0.01639566,83.1
"BS-05","epsomite",71.5,0.0163957,83.1
"BS-05","epsomite",71,0.01639571,83.1
"BS-05","epsomite",70.5,0.01639572,83.1
"BS-05","epsomite",70,0.01639573,83.1
"BS-05","epsomite",69.5,0.01639573,83.1
"BS-05","epsomite",69,0.01639573,83.1
"BS-05","epsomite",68.5,0.01639574,83.1
"BS-05","epsomite",68,0.01639574,83.1
"BS-05","epsomite",67.5,0.01639574,83.1
"BS-05","epsomite",67,0.01639574,83.1
"BS-05","epsomite",66.5,0.01639574,83.1
"BS-05","epsomite",66,0.01639574,83.1
"BS-05","epsomite",65.5,0.01639574,83.1
"BS-05","epsomite",65,0.01639574,83.1
"BS-05","epsomite",64.5,0.01639574,83.1
"BS-05","epsomite",64,0.01639574,83.1
"BS-05","epsomite",63.5,0.01639574,83.1
"BS-05","epsomite",63,0.01639574,83.1
"BS-05","epsomite",62.5,0.01639574,83.1
"BS-05","epsomite",62,0.01639574,83.1
"BS-05","epsomite",61.5,0.01639574,83.1
"BS-05","epsomite",61,0.01639574,83.1
"BS-05","epsomite",60.5,0.01639574,83.1
"BS-05","epsomite",60,0.01639574,83.1
"BS-05","epsomite",59.5,0.01639574,83.1
"BS-05","epsomite",59,0.01639574,83.1
"BS-05","epsomite",58.5,0.01639574,83.1
"BS-05","epsomite",58,0.01639574,83.1
"BS-05","epsomite",57.5,0.01639574,83.1
"BS-05","epsomite",57,0.01639574,83.1
"BS-05","epsomite",56.5,0.01639574,83.1
"BS-05","epsomite",56,0.01639574,83.1
"BS-05","epsomite",55.5,0.01639574,83.1
"BS-05","epsomite",55,0.01639574,83.1
"BS-05","epsomite",54.5,0.01639574,83.1
"BS-05","epsomite",54,0.01639574,83.1
"BS-05","epsomite",53.5,0.01639574,83.1
"BS-05","epsomite",53,0.01639574,83.1
"BS-05","epsomite",52.5,0.01639574,83.1
"BS-05","epsomite",52,0.01639574,83.1
"BS-05","epsomite",51.5,0.01639574,83.1
"BS-05","epsomite",51,0.01639574,83.1
"BS-05","epsomite",50.5,0.01639574,83.1
"BS-05","epsomite",50,0.01639574,83.1
"BS-05","epsomite",49.5,0.01639574,83.1
"BS-05","epsomite",49,0.01639574,83.1
"BS-05","epsomite",48.5,0.01639574,83.1
"BS-05","epsomite",48,0.01639574,83.1
"BS-05","epsomite",47.5,0.01639574,83.1
"BS-05","epsomite",47,0.01639574,83.1
"BS-05","epsomite",46.5,0.01639574,83.1
"BS-05","epsomite",46,0.01639574,83.1
"BS-05","epsomite",45.5,0.01639574,83.1
"BS-05","epsomite",45,0.01639574,83.1
"BS-05","epsomite",44.5,0.01639574,83.1
"BS-05","epsomite",44,0.01639574,83.1
"BS-05","epsomite",43.5,0.01639574,83.1
"BS-05","epsomite",43,0.01639574,83.1
"BS-05","epsomite",42.5,0.01639574,83.1
"BS-05","epsomite",42,0.01639574,83.1
"BS-05","epsomite",41.5,0.01639574,83.1
"BS-05","epsomite",41,0.01639574,83.1
"BS-05","epsomite",40.5,0.01639574,83.1
"BS-05","epsomite",40,0.01639574,83.1
"BS-05","epsomite",39.5,0.01639574,83.1
"BS-05","epsomite",39,0.01639574,83.1
"BS-05","epsomite",38.5,0.01639574,83.1
"BS-05","epsomite",38,0.01639574,83.1
"BS-05","epsomite",37.5,0.01639574,83.1
"BS-05","epsomite",37,0.01639574,83.1
"BS-05","epsomite",36.5,0.01639574,83.1
"BS-05","epsomite",36,0.01639574,83.1
"BS-05","epsomite",35.5,0.01639574,83.1
"BS-05","epsomite",35,0.01639574,83.1
"BS-05","epsomite",34.5,0.01639574,83.1
"BS-05","epsomite",34,0.01639574,83.1
"BS-05","epsomite",33.5,0.01639574,83.1
"BS-05","epsomite",33,0.01639574,83.1
"BS-05","epsomite",32.5,0.01639574,83.1
"BS-05","epsomite",32,0.01639574,83.1
"BS-05","epsomite",31.5,0.01639574,83.1
"BS-05","epsomite",31,0.01639574,83.1
"BS-05","epsomite",30.5,0.01639574,83.1
"BS-05","epsomite",30,0.01639574,83.1
"BS-05","epsomite",29.5,0.01639574,83.1
"BS-05","epsomite",29,0.01639574,83.1
"BS-05","epsomite",28.5,0.01639574,83.1
"BS-05","epsomite",28,0.01639574,83.1
"BS-05","epsomite",27.5,0.01639574,83.1
"BS-05","epsomite",27,0.01639574,83.1
"BS-05","epsomite",26.5,0.01639574,83.1
"BS-05","epsomite",26,0.01639574,83.1
"BS-05","epsomite",25.5,0.01639574,83.1
"BS-05","epsomite",25,0.01639574,83.1
"BS-05","epsomite",24.5,0.01639574,83.1
"BS-05","epsomite",24,0.01639574,83.1
"BS-05","epsomite",23.5,0.01639574,83.1
"BS-05","epsomite",23,0.01639574,83.1
"BS-05","epsomite",22.5,0.01639574,83.1
"BS-05","epsomite",22,0.01639574,83.1
"BS-05","epsomite",21.5,0.01639574,83.1
"BS-05","epsomite",21,0.01639574,83.1
"BS-05","epsomite",20.5,0.01639574,83.1
"BS-05","epsomite",20,0.01639574,83.1
"BS-05","epsomite",19.5,0.01639574,83.1
"BS-05","epsomite",19,0.01639574,83.1
"BS-05","epsomite",18.5,0.01639574,83.1
"BS-05","epsomite",18,0.01639574,83.1
"BS-05","epsomite",17.5,0.01639574,83.1
"BS-05","epsomite",17,0.01639574,83.1
"BS-05","epsomite",16.5,0.01639574,83.1
"BS-05","epsomite",16,0.01639574,83.1
"BS-05","epsomite",15.5,0.01639574,83.1
"BS-05","epsomite",15,0.01639574,83.1
"BS-05","halite",98,0,64.3
"BS-05","halite",97.5,0,64.3
"BS-05","halite",97,0,64.3
"BS-05","halite",96.5,0,64.3
"BS-05","halite",96,0,64.3
"BS-05","halite",95.5,0,64.3
"BS-05","halite",95,0,64.3
"BS-05","halite",94.5,0,64.3
"BS-05","halite",94,0,64.3
"BS-05","halite",93.5,0,64.3
"BS-05","halite",93,0,64.3
"BS-05","halite",92.5,0,64.3
"BS-05","halite",92,0,64.3
"BS-05","halite",91.5,0,64.3
"BS-05","halite",91,0,64.3
"BS-05","halite",90.5,0,64.3
"BS-05","halite",90,0,64.3
"BS-05","halite",89.5,0,64.3
"BS-05","halite",89,0,64.3
"BS-05","halite",88.5,0,64.3
"BS-05","halite",88,0,64.3
"BS-05","halite",87.5,0,64.3
"BS-05","halite",87,0,64.3
"BS-05","halite",86.5,0,64.3
"BS-05","halite",86,0,64.3
"BS-05","halite",85.5,0,64.3
"BS-05","halite",85,0,64.3
"BS-05","halite",84.5,0,64.3
"BS-05","halite",84,0,64.3
"BS-05","halite",83.5,0,64.3
"BS-05","halite",83,0,64.3
"BS-05","halite",82.5,0,64.3
"BS-05","halite",82,0,64.3
"BS-05","halite",81.5,0,64.3
"BS-05","halite",81,0,64.3
"BS-05","halite",80.5,0,64.3
"BS-05","halite",80,0,64.3
"BS-05","halite",79.5,1e-08,64.3
"BS-05","halite",79,1e-08,64.3
"BS-05","halite",78.5,2e-08,64.3
"BS-05","halite",78,4e-08,64.3
"BS-05","halite",77.5,6e-08,64.3
"BS-05","halite",77,1.1e-07,64.3
"BS-05","halite",76.5,1.9e-07,64.3
"BS-05","halite",76,3.3e-07,64.3
"BS-05","halite",75.5,5.7e-07,64.3
"BS-05","halite",75,9.9e-07,64.3
"BS-05","halite",74.5,1.72e-06,64.3
"BS-05","halite",74,3e-06,64.3
"BS-05","halite",73.5,5.23e-06,64.3
"BS-05","halite",73,9.12e-06,64.3
"BS-05","halite",72.5,1.59e-05,64.3
"BS-05","halite",72,2.77e-05,64.3
"BS-05","halite",71.5,4.828e-05,64.3
"BS-05","halite",71,8.412e-05,64.3
"BS-05","halite",70.5,0.00014655,64.3
"BS-05","halite",70,0.00025524,64.3
"BS-05","halite",69.5,0.00044427,64.3
"BS-05","halite",69,0.00077255,64.3
"BS-05","halite",68.5,0.00134113,64.3
"BS-05","halite",68,0.0023214,64.3
"BS-05","halite",67.5,0.0039981,64.3
"BS-05","halite",67,0.00682746,64.3
"BS-05","halite",66.5,0.01149465,64.3
"BS-05","halite",66,0.01891228,64.3
"BS-05","halite",65.5,0.03003141,64.3
"BS-05","halite",65,0.04531866,64.3
"BS-05","halite",64.5,0.06401524,64.3
"BS-05","halite",64,0.08386716,64.3
"BS-05","halite",63.5,0.10201924,64.3
"BS-05","halite",63,0.11648457,64.3
"BS-05","halite",62.5,0.12680008,64.3
"BS-05","halite",62,0.13358765,64.3
"BS-05","halite",61.5,0.13782051,64.3
"BS-05","halite",61,0.14037247,64.3
"BS-05","halite",60.5,0.1418798,64.3
"BS-05","halite",60,0.14275933,64.3
"BS-05","halite",59.5,0.14326891,64.3
"BS-05","halite",59,0.14356293,64.3
"BS-05","halite",58.5,0.14373217,64.3
"BS-05","halite",58,0.14382945,64.3
"BS-05","halite",57.5,0.14388533,64.3
"BS-05","halite",57,0.1439174,64.3
"BS-05","halite",56.5,0.14393582,64.3
"BS-05","halite",56,0.14394638,64.3
"BS-05","halite",55.5,0.14395245,64.3
"BS-05","halite",55,0.14395592,64.3
"BS-05","halite",54.5,0.14395792,64.3
"BS-05","halite",54,0.14395907,64.3
"BS-05","halite",53.5,0.14395972,64.3
"BS-05","halite",53,0.1439601,64.3
"BS-05","halite",52.5,0.14396032,64.3
"BS-05","halite",52,0.14396044,64.3
"BS-05","halite",51.5,0.14396051,64.3
"BS-05","halite",51,0.14396055,64.3
"BS-05","halite",50.5,0.14396058,64.3
"BS-05","halite",50,0.14396059,64.3
"BS-05","halite",49.5,0.1439606,64.3
"BS-05","halite",49,0.1439606,64.3
"BS-05","halite",48.5,0.1439606,64.3
"BS-05","halite",48,0.1439606,64.3
"BS-05","halite",47.5,0.14396061,64.3
"BS-05","halite",47,0.14396061,64.3
"BS-05","halite",46.5,0.14396061,64.3
"BS-05","halite",46,0.14396061,64.3
"BS-05","halite",45.5,0.14396061,64.3
"BS-05","halite",45,0.14396061,64.3
"BS-05","halite",44.5,0.14396061,64.3
"BS-05","halite",44,0.14396061,64.3
"BS-05","halite",43.5,0.14396061,64.3
"BS-05","halite",43,0.14396061,64.3
"BS-05","halite",42.5,0.14396061,64.3
"BS-05","halite",42,0.14396061,64.3
"BS-05","halite",41.5,0.14396061,64.3
"BS-05","halite",41,0.14396061,64.3
"BS-05","halite",40.5,0.14396061,64.3
"BS-05","halite",40,0.14396061,64.3
"BS-05","halite",39.5,0.14396061,64.3
"BS-05","halite",39,0.14396061,64.3
"BS-05","halite",38.5,0.14396061,64.3
"BS-05","halite",38,0.14396061,64.3
"BS-05","halite",37.5,0.14396061,64.3
"BS-05","halite",37,0.14396061,64.3
"BS-05","halite",36.5,0.14396061,64.3
"BS-05","halite",36,0.14396061,64.3
"BS-05","halite",35.5,0.14396061,64.3
"BS-05","halite",35,0.14396061,64.3
"BS-05","halite",34.5,0.14396061,64.3
"BS-05","halite",34,0.14396061,64.3
"BS-05","halite",33.5,0.14396061,64.3
"BS-05","halite",33,0.14396061,64.3
"BS-05","halite",32.5,0.14396061,64.3
"BS-05","halite",32,0.14396061,64.3
"BS-05","halite",31.5,0.14396061,64.3
"BS-05","halite",31,0.14396061,64.3
"BS-05","halite",30.5,0.14396061,64.3
"BS-05","halite",30,0.14396061,64.3
"BS-05","halite",29.5,0.14396061,64.3
"BS-05","halite",29,0.14396061,64.3
"BS-05","halite",28.5,0.14396061,64.3
"BS-05","halite",28,0.14396061,64.3
"BS-05","halite",27.5,0.14396061,64.3
"BS-05","halite",27,0.14396061,64.3
"BS-05","halite",26.5,0.14396061,64.3
"BS-05","halite",26,0.14396061,64.3
"BS-05","halite",25.5,0.14396061,64.3
"BS-05","halite",25,0.14396061,64.3
"BS-05","halite",24.5,0.14396061,64.3
"BS-05","halite",24,0.14396061,64.3
"BS-05","halite",23.5,0.14396061,64.3
"BS-05","halite",23,0.14396061,64.3
"BS-05","halite",22.5,0.14396061,64.3
"BS-05","halite",22,0.14396061,64.3
"BS-05","halite",21.5,0.14396061,64.3
"BS-05","halite",21,0.14396061,64.3
"BS-05","halite",20.5,0.14396061,64.3
"BS-05","halite",20,0.14396061,64.3
"BS-05","halite",19.5,0.14396061,64.3
"BS-05","halite",19,0.14396061,64.3
"BS-05","halite",18.5,0.14396061,64.3
"BS-05","halite",18,0.14396061,64.3
"BS-05","halite",17.5,0.14396061,64.3
"BS-05","halite",17,0.14396061,64.3
"BS-05","halite",16.5,0.14396061,64.3
"BS-05","halite",16,0.14396061,64.3
"BS-05","halite",15.5,0.14396061,64.3
"BS-05","halite",15,0.14396061,64.3
"BS-05","nitratine",98,0,59.3
"BS-05","nitratine",97.5,0,59.3
"BS-05","nitratine",97,0,59.3
"BS-05","nitratine",96.5,0,59.3
"BS-05","nitratine",96,0,59.3
"BS-05","nitratine",95.5,0,59.3
"BS-05","nitratine",95,0,59.3
"BS-05","nitratine",94.5,0,59.3
"BS-05","nitratine",94,0,59.3
"BS-05","nitratine",93.5,0,59.3
"BS-05","nitratine",93,0,59.3
"BS-05","nitratine",92.5,0,59.3
"BS-05","nitratine",92,0,59.3
"BS-05","nitratine",91.5,0,59.3
"BS-05","nitratine",91,0,59.3
"BS-05","nitratine",90.5,0,59.3
"BS-05","nitratine",90,0,59.3
"BS-05","nitratine",89.5,0,59.3
"BS-05","nitratine",89,0,59.3
"BS-05","nitratine",88.5,0,59.3
"BS-05","nitratine",88,0,59.3
"BS-05","nitratine",87.5,0,59.3
"BS-05","nitratine",87,0,59.3
"BS-05","nitratine",86.5,0,59.3
"BS-05","nitratine",86,0,59.3
"BS-05","nitratine",85.5,0,59.3
"BS-05","nitratine",85,0,59.3
"BS-05","nitratine",84.5,0,59.3
"BS-05","nitratine",84,0,59.3
"BS-05","nitratine",83.5,0,59.3
"BS-05","nitratine",83,0,59.3
"BS-05","nitratine",82.5,0,59.3
"BS-05","nitratine",82,0,59.3
"BS-05","nitratine",81.5,0,59.3
"BS-05","nitratine",81,0,59.3
"BS-05","nitratine",80.5,0,59.3
"BS-05","nitratine",80,0,59.3
"BS-05","nitratine",79.5,0,59.3
"BS-05","nitratine",79,0,59.3
"BS-05","nitratine",78.5,0,59.3
"BS-05","nitratine",78,0,59.3
"BS-05","nitratine",77.5,0,59.3
"BS-05","nitratine",77,0,59.3
"BS-05","nitratine",76.5,0,59.3
"BS-05","nitratine",76,0,59.3
"BS-05","nitratine",75.5,0,59.3
"BS-05","nitratine",75,0,59.3
"BS-05","nitratine",74.5,0,59.3
"BS-05","nitratine",74,0,59.3
"BS-05","nitratine",73.5,1e-08,59.3
"BS-05","nitratine",73,1e-08,59.3
"BS-05","nitratine",72.5,2e-08,59.3
"BS-05","nitratine",72,4e-08,59.3
"BS-05","nitratine",71.5,6e-08,59.3
"BS-05","nitratine",71,1.1e-07,59.3
"BS-05","nitratine",70.5,1.9e-07,59.3
"BS-05","nitratine",70,3.3e-07,59.3
"BS-05","nitratine",69.5,5.8e-07,59.3
"BS-05","nitratine",69,1e-06,59.3
"BS-05","nitratine",68.5,1.75e-06,59.3
"BS-05","nitratine",68,3.05e-06,59.3
"BS-05","nitratine",67.5,5.32e-06,59.3
"BS-05","nitratine",67,9.27e-06,59.3
"BS-05","nitratine",66.5,1.615e-05,59.3
"BS-05","nitratine",66,2.814e-05,59.3
"BS-05","nitratine",65.5,4.902e-05,59.3
"BS-05","nitratine",65,8.538e-05,59.3
"BS-05","nitratine",64.5,0.00014861,59.3
"BS-05","nitratine",64,0.00025843,59.3
"BS-05","nitratine",63.5,0.00044863,59.3
"BS-05","nitratine",63,0.00077655,59.3
"BS-05","nitratine",62.5,0.00133743,59.3
"BS-05","nitratine",62,0.0022839,59.3
"BS-05","nitratine",61.5,0.00384515,59.3
"BS-05","nitratine",61,0.00632647,59.3
"BS-05","nitratine",60.5,0.010046,59.3
"BS-05","nitratine",60,0.01515983,59.3
"BS-05","nitratine",59.5,0.02141415,59.3
"BS-05","nitratine",59,0.02805494,59.3
"BS-05","nitratine",58.5,0.0341271,59.3
"BS-05","nitratine",58,0.03896599,59.3
"BS-05","nitratine",57.5,0.0424167,59.3
"BS-05","nitratine",57,0.04468725,59.3
"BS-05","nitratine",56.5,0.04610321,59.3
"BS-05","nitratine",56,0.04695689,59.3
"BS-05","nitratine",55.5,0.04746111,59.3
"BS-05","nitratine",55,0.04775533,59.3
"BS-05","nitratine",54.5,0.04792579,59.3
"BS-05","nitratine",54,0.04802415,59.3
"BS-05","nitratine",53.5,0.04808076,59.3
"BS-05","nitratine",53,0.0481133,59.3
"BS-05","nitratine",52.5,0.04813199,59.3
"BS-05","nitratine",52,0.04814272,59.3
"BS-05","nitratine",51.5,0.04814888,59.3
"BS-05","nitratine",51,0.04815242,59.3
"BS-05","nitratine",50.5,0.04815445,59.3
"BS-05","nitratine",50,0.04815561,59.3
"BS-05","nitratine",49.5,0.04815628,59.3
"BS-05","nitratine",49,0.04815666,59.3
"BS-05","nitratine",48.5,0.04815688,59.3
"BS-05","nitratine",48,0.04815701,59.3
"BS-05","nitratine",47.5,0.04815708,59.3
"BS-05","nitratine",47,0.04815712,59.3
"BS-05","nitratine",46.5,0.04815714,59.3
"BS-05","nitratine",46,0.04815716,59.3
"BS-05","nitratine",45.5,0.04815717,59.3
"BS-05","nitratine",45,0.04815717,59.3
"BS-05","nitratine",44.5,0.04815717,59.3
"BS-05","nitratine",44,0.04815717,59.3
"BS-05","nitratine",43.5,0.04815717,59.3
"BS-05","nitratine",43,0.04815718,59.3
"BS-05","nitratine",42.5,0.04815718,59.3
"BS-05","nitratine",42,0.04815718,59.3
"BS-05","nitratine",41.5,0.04815718,59.3
"BS-05","nitratine",41,0.04815718,59.3
"BS-05","nitratine",40.5,0.04815718,59.3
"BS-05","nitratine",40,0.04815718,59.3
"BS-05","nitratine",39.5,0.04815718,59.3
"BS-05","nitratine",39,0.04815718,59.3
"BS-05","nitratine",38.5,0.04815718,59.3
"BS-05","nitratine",38,0.04815718,59.3
"BS-05","nitratine",37.5,0.04815718,59.3
"BS-05","nitratine",37,0.04815718,59.3
"BS-05","nitratine",36.5,0.04815718,59.3
"BS-05","nitratine",36,0.04815718,59.3
"BS-05","nitratine",35.5,0.04815718,59.3
"BS-05","nitratine",35,0.04815718,59.3
"BS-05","nitratine",34.5,0.04815718,59.3
"BS-05","nitratine",34,0.04815718,59.3
"BS-05","nitratine",33.5,0.04815718,59.3
"BS-05","nitratine",33,0.04815718,59.3
"BS-05","nitratine",32.5,0.04815718,59.3
"BS-05","nitratine",32,0.04815718,59.3
"BS-05","nitratine",31.5,0.04815718,59.3
"BS-05","nitratine",31,0.04815718,59.3
"BS-05","nitratine",30.5,0.04815718,59.3
"BS-05","nitratine",30,0.04815718,59.3
"BS-05","nitratine",29.5,0.04815718,59.3
"BS-05","nitratine",29,0.04815718,59.3
"BS-05","nitratine",28.5,0.04815718,59.3
"BS-05","nitratine",28,0.04815718,59.3
"BS-05","nitratine",27.5,0.04815718,59.3
"BS-05","nitratine",27,0.04815718,59.3
"BS-05","nitratine",26.5,0.04815718,59.3
"BS-05","nitratine",26,0.04815718,59.3
"BS-05","nitratine",25.5,0.04815718,59.3
"BS-05","nitratine",25,0.04815718,59.3
"BS-05","nitratine",24.5,0.04815718,59.3
"BS-05","nitratine",24,0.04815718,59.3
"BS-05","nitratine",23.5,0.04815718,59.3
"BS-05","nitratine",23,0.04815718,59.3
"BS-05","nitratine",22.5,0.04815718,59.3
"BS-05","nitratine",22,0.04815718,59.3
"BS-05","nitratine",21.5,0.04815718,59.3
"BS-05","nitratine",21,0.04815718,59.3
"BS-05","nitratine",20.5,0.04815718,59.3
"BS-05","nitratine",20,0.04815718,59.3
"BS-05","nitratine",19.5,0.04815718,59.3
"BS-05","nitratine",19,0.04815718,59.3
"BS-05","nitratine",18.5,0.04815718,59.3
"BS-05","nitratine",18,0.04815718,59.3
"BS-05","nitratine",17.5,0.04815718,59.3
"BS-05","nitratine",17,0.04815718,59.3
"BS-05","nitratine",16.5,0.04815718,59.3
"BS-05","nitratine",16,0.04815718,59.3
"BS-05","nitratine",15.5,0.04815718,59.3
"BS-05","nitratine",15,0.04815718,59.3
"BS-05","nitromagnesite",98,0,35.4
"BS-05","nitromagnesite",97.5,0,35.4
"BS-05","nitromagnesite",97,0,35.4
"BS-05","nitromagnesite",96.5,0,35.4
"BS-05","nitromagnesite",96,0,35.4
"BS-05","nitromagnesite",95.5,0,35.4
"BS-05","nitromagnesite",95,0,35.4
"BS-05","nitromagnesite",94.5,0,35.4
"BS-05","nitromagnesite",94,0,35.4
"BS-05","nitromagnesite",93.5,0,35.4
"BS-05","nitromagnesite",93,0,35.4
"BS-05","nitromagnesite",92.5,0,35.4
"BS-05","nitromagnesite",92,0,35.4
"BS-05","nitromagnesite",91.5,0,35.4
"BS-05","nitromagnesite",91,0,35.4
"BS-05","nitromagnesite",90.5,0,35.4
"BS-05","nitromagnesite",90,0,35.4
"BS-05","nitromagnesite",89.5,0,35.4
"BS-05","nitromagnesite",89,0,35.4
"BS-05","nitromagnesite",88.5,0,35.4
"BS-05","nitromagnesite",88,0,35.4
"BS-05","nitromagnesite",87.5,0,35.4
"BS-05","nitromagnesite",87,0,35.4
"BS-05","nitromagnesite",86.5,0,35.4
"BS-05","nitromagnesite",86,0,35.4
"BS-05","nitromagnesite",85.5,0,35.4
"BS-05","nitromagnesite",85,0,35.4
"BS-05","nitromagnesite",84.5,0,35.4
"BS-05","nitromagnesite",84,0,35.4
"BS-05","nitromagnesite",83.5,0,35.4
"BS-05","nitromagnesite",83,0,35.4
"BS-05","nitromagnesite",82.5,0,35.4
"BS-05","nitromagnesite",82,0,35.4
"BS-05","nitromagnesite",81.5,0,35.4
"BS-05","nitromagnesite",81,0,35.4
"BS-05","nitromagnesite",80.5,0,35.4
"BS-05","nitromagnesite",80,0,35.4
"BS-05","nitromagnesite",79.5,0,35.4
"BS-05","nitromagnesite",79,0,35.4
"BS-05","nitromagnesite",78.5,0,35.4
"BS-05","nitromagnesite",78,0,35.4
"BS-05","nitromagnesite",77.5,0,35.4
"BS-05","nitromagnesite",77,0,35.4
"BS-05","nitromagnesite",76.5,0,35.4
"BS-05","nitromagnesite",76,0,35.4
"BS-05","nitromagnesite",75.5,0,35.4
"BS-05","nitromagnesite",75,0,35.4
"BS-05","nitromagnesite",74.5,0,35.4
"BS-05","nitromagnesite",74,0,35.4
"BS-05","nitromagnesite",73.5,0,35.4
"BS-05","nitromagnesite",73,0,35.4
"BS-05","nitromagnesite",72.5,0,35.4
"BS-05","nitromagnesite",72,0,35.4
"BS-05","nitromagnesite",71.5,0,35.4
"BS-05","nitromagnesite",71,0,35.4
"BS-05","nitromagnesite",70.5,0,35.4
"BS-05","nitromagnesite",70,0,35.4
"BS-05","nitromagnesite",69.5,0,35.4
"BS-05","nitromagnesite",69,0,35.4
"BS-05","nitromagnesite",68.5,0,35.4
"BS-05","nitromagnesite",68,0,35.4
"BS-05","nitromagnesite",67.5,0,35.4
"BS-05","nitromagnesite",67,0,35.4
"BS-05","nitromagnesite",66.5,0,35.4
"BS-05","nitromagnesite",66,0,35.4
"BS-05","nitromagnesite",65.5,0,35.4
"BS-05","nitromagnesite",65,0,35.4
"BS-05","nitromagnesite",64.5,0,35.4
"BS-05","nitromagnesite",64,0,35.4
"BS-05","nitromagnesite",63.5,0,35.4
"BS-05","nitromagnesite",63,0,35.4
"BS-05","nitromagnesite",62.5,0,35.4
"BS-05","nitromagnesite",62,0,35.4
"BS-05","nitromagnesite",61.5,0,35.4
"BS-05","nitromagnesite",61,0,35.4
"BS-05","nitromagnesite",60.5,0,35.4
"BS-05","nitromagnesite",60,0,35.4
"BS-05","nitromagnesite",59.5,0,35.4
"BS-05","nitromagnesite",59,0,35.4
"BS-05","nitromagnesite",58.5,0,35.4
"BS-05","nitromagnesite",58,0,35.4
"BS-05","nitromagnesite",57.5,0,35.4
"BS-05","nitromagnesite",57,0,35.4
"BS-05","nitromagnesite",56.5,0,35.4
"BS-05","nitromagnesite",56,0,35.4
"BS-05","nitromagnesite",55.5,0,35.4
"BS-05","nitromagnesite",55,0,35.4
"BS-05","nitromagnesite",54.5,0,35.4
"BS-05","nitromagnesite",54,0,35.4
"BS-05","nitromagnesite",53.5,0,35.4
"BS-05","nitromagnesite",53,0,35.4
"BS-05","nitromagnesite",52.5,0,35.4
"BS-05","nitromagnesite",52,0,35.4
"BS-05","nitromagnesite",51.5,0,35.4
"BS-05","nitromagnesite",51,0,35.4
"BS-05","nitromagnesite",50.5,0,35.4
"BS-05","nitromagnesite",50,1e-08,35.4
"BS-05","nitromagnesite",49.5,1e-08,35.4
"BS-05","nitromagnesite",49,2e-08,35.4
"BS-05","nitromagnesite",48.5,4e-08,35.4
"BS-05","nitromagnesite",48,7e-08,35.4
"BS-05","nitromagnesite",47.5,1.2e-07,35.4
"BS-05","nitromagnesite",47,2e-07,35.4
"BS-05","nitromagnesite",46.5,3.5e-07,35.4
"BS-05","nitromagnesite",46,6.2e-07,35.4
"BS-05","nitromagnesite",45.5,1.08e-06,35.4
"BS-05","nitromagnesite",45,1.88e-06,35.4
"BS-05","nitromagnesite",44.5,3.27e-06,35.4
"BS-05","nitromagnesite",44,5.7e-06,35.4
"BS-05","nitromagnesite",43.5,9.94e-06,35.4
"BS-05","nitromagnesite",43,1.732e-05,35.4
"BS-05","nitromagnesite",42.5,3.018e-05,35.4
"BS-05","nitromagnesite",42,5.258e-05,35.4
"BS-05","nitromagnesite",41.5,9.159e-05,35.4
"BS-05","nitromagnesite",41,0.00015951,35.4
"BS-05","nitromagnesite",40.5,0.0002776,35.4
"BS-05","nitromagnesite",40,0.00048259,35.4
"BS-05","nitromagnesite",39.5,0.00083738,35.4
"BS-05","nitromagnesite",39,0.00144829,35.4
"BS-05","nitromagnesite",38.5,0.00249096,35.4
"BS-05","nitromagnesite",38,0.00424398,35.4
"BS-05","nitromagnesite",37.5,0.00711816,35.4
"BS-05","nitromagnesite",37,0.01164175,35.4
"BS-05","nitromagnesite",36.5,0.01832253,35.4
"BS-05","nitromagnesite",36,0.02731673,35.4
"BS-05","nitromagnesite",35.5,0.03802679,35.4
"BS-05","nitromagnesite",35,0.04906374,35.4
"BS-05","nitromagnesite",34.5,0.05886662,35.4
"BS-05","nitromagnesite",34,0.06648856,35.4
"BS-05","nitromagnesite",33.5,0.07182428,35.4
"BS-05","nitromagnesite",33,0.07529097,35.4
"BS-05","nitromagnesite",32.5,0.07743538,35.4
"BS-05","nitromagnesite",32,0.0787218,35.4
"BS-05","nitromagnesite",31.5,0.07947938,35.4
"BS-05","nitromagnesite",31,0.07992066,35.4
"BS-05","nitromagnesite",30.5,0.08017606,35.4
"BS-05","nitromagnesite",30,0.08032334,35.4
"BS-05","nitromagnesite",29.5,0.08040809,35.4
"BS-05","nitromagnesite",29,0.08045679,35.4
"BS-05","nitromagnesite",28.5,0.08048476,35.4
"BS-05","nitromagnesite",28,0.08050082,35.4
"BS-05","nitromagnesite",27.5,0.08051004,35.4
"BS-05","nitromagnesite",27,0.08051533,35.4
"BS-05","nitromagnesite",26.5,0.08051836,35.4
"BS-05","nitromagnesite",26,0.0805201,35.4
"BS-05","nitromagnesite",25.5,0.0805211,35.4
"BS-05","nitromagnesite",25,0.08052167,35.4
"BS-05","nitromagnesite",24.5,0.080522,35.4
"BS-05","nitromagnesite",24,0.08052219,35.4
"BS-05","nitromagnesite",23.5,0.0805223,35.4
"BS-05","nitromagnesite",23,0.08052236,35.4
"BS-05","nitromagnesite",22.5,0.0805224,35.4
"BS-05","nitromagnesite",22,0.08052242,35.4
"BS-05","nitromagnesite",21.5,0.08052243,35.4
"BS-05","nitromagnesite",21,0.08052244,35.4
"BS-05","nitromagnesite",20.5,0.08052244,35.4
"BS-05","nitromagnesite",20,0.08052244,35.4
"BS-05","nitromagnesite",19.5,0.08052244,35.4
"BS-05","nitromagnesite",19,0.08052244,35.4
"BS-05","nitromagnesite",18.5,0.08052244,35.4
"BS-05","nitromagnesite",18,0.08052244,35.4
"BS-05","nitromagnesite",17.5,0.08052244,35.4
"BS-05","nitromagnesite",17,0.08052244,35.4
"BS-05","nitromagnesite",16.5,0.08052244,35.4
"BS-05","nitromagnesite",16,0.08052244,35.4
"BS-05","nitromagnesite",15.5,0.08052244,35.4
"BS-05","nitromagnesite",15,0.08052244,35.4
"BS-05","water",98,49.5548984,35.4
"BS-05","water",97.5,39.43873313,35.4
"BS-05","water",97,32.6928513,35.4
"BS-05","water",96.5,27.87173541,35.4
"BS-05","water",96,24.25192092,35.4
"BS-05","water",95.5,21.43040804,35.4
"BS-05","water",95,19.16375335,35.4
"BS-05","water",94.5,17.29453905,35.4
"BS-05","water",94,15.71409217,35.4
"BS-05","water",93.5,14.34185403,35.4
"BS-05","water",93,13.11334256,35.4
"BS-05","water",92.5,11.97390516,35.4
"BS-05","water",92,10.87866986,35.4
"BS-05","water",91.5,9.80042716,35.4
"BS-05","water",91,8.74308227,35.4
"BS-05","water",90.5,7.74700396,35.4
"BS-05","water",90,6.86937505,35.4
"BS-05","water",89.5,6.14825451,35.4
"BS-05","water",89,5.58372665,35.4
"BS-05","water",88.5,5.14829968,35.4
"BS-05","water",88,4.80712711,35.4
"BS-05","water",87.5,4.5305894,35.4
"BS-05","water",87,4.29757598,35.4
"BS-05","water",86.5,4.0941921,35.4
"BS-05","water",86,3.91144578,35.4
"BS-05","water",85.5,3.74330982,35.4
"BS-05","water",85,3.58545093,35.4
"BS-05","water",84.5,3.43462368,35.4
"BS-05","water",84,3.28872314,35.4
"BS-05","water",83.5,3.14733107,35.4
"BS-05","water",83,3.01203894,35.4
"BS-05","water",82.5,2.88557454,35.4
"BS-05","water",82,2.76997276,35.4
"BS-05","water",81.5,2.66544104,35.4
"BS-05","water",81,2.57070929,35.4
"BS-05","water",80.5,2.48400147,35.4
"BS-05","water",80,2.40370887,35.4
"BS-05","water",79.5,2.32860896,35.4
"BS-05","water",79,2.25783706,35.4
"BS-05","water",78.5,2.19078961,35.4
"BS-05","water",78,2.12703549,35.4
"BS-05","water",77.5,2.06625332,35.4
"BS-05","water",77,2.00819146,35.4
"BS-05","water",76.5,1.95264362,35.4
"BS-05","water",76,1.89943423,35.4
"BS-05","water",75.5,1.84840957,35.4
"BS-05","water",75,1.79943236,35.4
"BS-05","water",74.5,1.75237809,35.4
"BS-05","water",74,1.70713263,35.4
"BS-05","water",73.5,1.66359017,35.4
"BS-05","water",73,1.62165145,35.4
"BS-05","water",72.5,1.58122173,35.4
"BS-05","water",72,1.5422082,35.4
"BS-05","water",71.5,1.50451616,35.4
"BS-05","water",71,1.46804312,35.4
"BS-05","water",70.5,1.43266921,35.4
"BS-05","water",70,1.3982413,35.4
"BS-05","water",69.5,1.36454672,35.4
"BS-05","water",69,1.33126974,35.4
"BS-05","water",68.5,1.29792096,35.4
"BS-05","water",68,1.26372624,35.4
"BS-05","water",67.5,1.22746358,35.4
"BS-05","water",67,1.18725565,35.4
"BS-05","water",66.5,1.14039511,35.4
"BS-05","water",66,1.08344742,35.4
"BS-05","water",65.5,1.01312656,35.4
"BS-05","water",65,0.92842214,35.4
"BS-05","water",64.5,0.83331822,35.4
"BS-05","water",64,0.73730169,35.4
"BS-05","water",63.5,0.6513172,35.4
"BS-05","water",63,0.58204176,35.4
"BS-05","water",62.5,0.52984329,35.4
"BS-05","water",62,0.49092759,35.4
"BS-05","water",61.5,0.46028208,35.4
"BS-05","water",61,0.43336721,35.4
"BS-05","water",60.5,0.4067618,35.4
"BS-05","water",60,0.37857951,35.4
"BS-05","water",59.5,0.34892824,35.4
"BS-05","water",59,0.31982201,35.4
"BS-05","water",58.5,0.29393515,35.4
"BS-05","water",58,0.27295701,35.4
"BS-05","water",57.5,0.25698312,35.4
"BS-05","water",57,0.24507118,35.4
"BS-05","water",56.5,0.23603055,35.4
"BS-05","water",56,0.22886349,35.4
"BS-05","water",55.5,0.22287139,35.4
"BS-05","water",55,0.21760902,35.4
"BS-05","water",54.5,0.21280673,35.4
"BS-05","water",54,0.20830551,35.4
"BS-05","water",53.5,0.20401269,35.4
"BS-05","water",53,0.1998743,35.4
"BS-05","water",52.5,0.19585862,35.4
"BS-05","water",52,0.19194667,35.4
"BS-05","water",51.5,0.18812667,35.4
"BS-05","water",51,0.18439098,35.4
"BS-05","water",50.5,0.18073434,35.4
"BS-05","water",50,0.17715285,35.4
"BS-05","water",49.5,0.1736434,35.4
"BS-05","water",49,0.1702034,35.4
"BS-05","water",48.5,0.16683054,35.4
"BS-05","water",48,0.16352272,35.4
"BS-05","water",47.5,0.16027797,35.4
"BS-05","water",47,0.15709445,35.4
"BS-05","water",46.5,0.15397034,35.4
"BS-05","water",46,0.1509039,35.4
"BS-05","water",45.5,0.14789339,35.4
"BS-05","water",45,0.14493703,35.4
"BS-05","water",44.5,0.14203293,35.4
"BS-05","water",44,0.13917895,35.4
"BS-05","water",43.5,0.13637252,35.4
"BS-05","water",43,0.13361027,35.4
"BS-05","water",42.5,0.13088743,35.4
"BS-05","water",42,0.12819682,35.4
"BS-05","water",41.5,0.12552712,35.4
"BS-05","water",41,0.12285995,35.4
"BS-05","water",40.5,0.12016497,35.4
"BS-05","water",40,0.11739179,35.4
"BS-05","water",39.5,0.11445672,35.4
"BS-05","water",39,0.11122233,35.4
"BS-05","water",38.5,0.10746775,35.4
"BS-05","water",38,0.1028529,35.4
"BS-05","water",37.5,0.09689366,35.4
"BS-05","water",37,0.08899823,35.4
"BS-05","water",36.5,0.07865596,35.4
"BS-05","water",36,0.06584208,35.4
"BS-05","water",35.5,0.05145598,35.4
"BS-05","water",35,0.03726647,35.4
"BS-05","water",34.5,0.0250943,35.4
"BS-05","water",34,0.01590506,35.4
"BS-05","water",33.5,0.00963992,35.4
"BS-05","water",33,0.00566873,35.4
"BS-05","water",32.5,0.00327,35.4
"BS-05","water",32,0.00186419,35.4
"BS-05","water",31.5,0.00105525,35.4
"BS-05","water",31,0.00059481,35.4
"BS-05","water",30.5,0.00033442,35.4
"BS-05","water",30,0.00018772,35.4
"BS-05","water",29.5,0.00010527,35.4
"BS-05","water",29,5.899e-05,35.4
"BS-05","water",28.5,3.304e-05,35.4
"BS-05","water",28,1.85e-05,35.4
"BS-05","water",27.5,1.035e-05,35.4
"BS-05","water",27,5.79e-06,35.4
"BS-05","water",26.5,3.24e-06,35.4
"BS-05","water",26,1.81e-06,35.4
"BS-05","water",25.5,1.01e-06,35.4
"BS-05","water",25,5.7e-07,35.4
"BS-05","water",24.5,3.2e-07,35.4
"BS-05","water",24,1.8e-07,35.4
"BS-05","water",23.5,1e-07,35.4
"BS-05","water",23,5e-08,35.4
"BS-05","water",22.5,3e-08,35.4
"BS-05","water",22,2e-08,35.4
"BS-05","water",21.5,1e-08,35.4
"BS-05","water",21,1e-08,35.4
"BS-05","water",20.5,0,35.4
"BS-05","water",20,0,35.4
"BS-05","water",19.5,0,35.4
"BS-05","water",19,0,35.4
"BS-05","water",18.5,0,35.4
"BS-05","water",18,0,35.4
"BS-05","water",17.5,0,35.4
"BS-05","water",17,0,35.4
"BS-05","water",16.5,0,35.4
"BS-05","water",16,0,35.4
"BS-05","water",15.5,0,35.4
"BS-05","water",15,0,35.4
