"doy","T","RH","LM","PI","EMC","strategy"
1,19.558,50.058,1.071,44.382,9.3,"A"
2,19.556,50.305,1.061,44.049,9.338,"A"
3,20.201,48.476,1.024,42.364,9.027,"A"
4,20.293,48.784,0.998,41.457,9.077,"A"
5,20.194,51.204,0.954,40.11,9.468,"A"
6,20.163,47.941,1.034,42.729,8.941,"A"
7,19.61,50.188,1.056,43.855,9.316,"A"
8,19.39,51.185,1.067,44.386,9.484,"A"
9,19.297,49.21,1.132,46.53,9.165,"A"
10,18.927,50.076,1.164,47.892,9.313,"A"
11,19.473,49.784,1.098,45.345,9.25,"A"
12,18.945,51.581,1.119,46.435,9.559,"A"
13,20.606,50.245,0.917,38.628,9.297,"A"
14,20.471,50.121,0.943,39.535,9.284,"A"
15,19.251,50.2,1.112,45.948,9.326,"A"
16,19.267,51.856,1.064,44.372,9.603,"A"
17,19.855,50.712,1.016,42.356,9.4,"A"
18,19.719,49.386,1.064,44.024,9.183,"A"
19,20.519,48.92,0.966,40.26,9.09,"A"
20,19.68,50.987,1.03,42.974,9.443,"A"
21,19.476,49.056,1.111,45.711,9.138,"A"
22,19.98,49.738,1.026,42.582,9.238,"A"
23,19.479,48.295,1.131,46.368,9.013,"A"
24,19.212,49.793,1.131,46.561,9.262,"A"
25,20.266,51.126,0.945,39.755,9.458,"A"
26,19.771,50.728,1.022,42.634,9.4,"A"
27,19.787,49.429,1.058,43.762,9.189,"A"
28,19.866,48.242,1.073,44.18,8.996,"A"
29,20.243,53.401,0.9,38.337,9.83,"A"
30,20.303,52.534,0.902,38.345,9.68,"A"
31,20.849,49.273,0.913,38.331,9.135,"A"
32,20.276,49.064,0.994,41.337,9.117,"A"
33,19.528,50.696,1.06,44.026,9.404,"A"
34,19.261,50.501,1.1,45.562,9.376,"A"
35,20.189,51.016,0.955,40.145,9.436,"A"
36,19.637,49.955,1.073,44.347,9.285,"A"
37,20.055,50.579,0.985,41.214,9.369,"A"
38,20.625,49.163,0.941,39.373,9.125,"A"
39,20.53,52.123,0.889,37.757,9.609,"A"
40,19.549,49.381,1.099,45.233,9.192,"A"
41,20.28,47.233,1.042,42.862,8.829,"A"
42,20.3,49.608,0.977,40.79,9.206,"A"
43,20.226,50.903,0.953,40.038,9.419,"A"
44,20.114,47.708,1.048,43.215,8.905,"A"
45,20.28,48.437,1.005,41.706,9.019,"A"
46,20.272,49.399,0.984,41.02,9.176,"A"
47,19.86,50.229,1.018,42.441,9.318,"A"
48,20.08,49.347,1.017,42.221,9.169,"A"
49,19.603,50.996,1.046,43.526,9.452,"A"
50,18.821,47.166,1.288,51.836,8.858,"A"
51,20.145,51.543,0.951,40.045,9.53,"A"
52,19.966,52.331,0.954,40.29,9.659,"A"
53,19.583,49.516,1.083,44.73,9.207,"A"
54,19.436,49.122,1.113,45.815,9.153,"A"
55,19.935,51.531,0.977,41.046,9.531,"A"
56,19.97,50.385,1.005,41.935,9.34,"A"
57,19.559,50.188,1.065,44.179,9.316,"A"
58,19.621,50.662,1.046,43.504,9.396,"A"
59,20.13,48.452,1.043,42.98,9.027,"A"
60,19.743,46.669,1.142,46.476,8.753,"A"
61,19.588,50.265,1.059,43.963,9.329,"A"
62,19.692,49.201,1.075,44.365,9.158,"A"
63,20.247,50.382,0.962,40.319,9.332,"A"
64,19.886,49.038,1.058,43.663,9.128,"A"
65,20.088,46.488,1.093,44.617,8.717,"A"
66,19.957,50.138,1.016,42.283,9.305,"A"
67,20.793,50.313,0.896,37.798,9.308,"A"
68,20.365,51.811,0.92,38.895,9.561,"A"
69,19.636,48.104,1.115,45.677,8.985,"A"
70,19.674,49.652,1.066,44.131,9.229,"A"
71,19.58,50.01,1.066,44.195,9.286,"A"
72,20.781,49.803,0.908,38.195,9.222,"A"
73,19.965,50.316,1.004,41.92,9.326,"A"
74,20.044,50.201,0.997,41.61,9.305,"A"
75,20.384,49.493,0.963,40.283,9.183,"A"
76,19.923,50.882,0.992,41.551,9.42,"A"
77,20.055,51.278,0.97,40.734,9.486,"A"
78,20.193,49.251,1.004,41.723,9.152,"A"
79,20.539,48.362,0.975,40.52,9.003,"A"
80,20.419,47.906,1.009,41.696,8.935,"A"
81,19.735,48.028,1.098,45.1,8.968,"A"
82,20.691,49.33,0.932,39.046,9.151,"A"
83,20.203,50.286,0.979,40.928,9.32,"A"
84,18.488,48.904,1.282,52.003,9.137,"A"
85,18.768,50.714,1.174,48.34,9.42,"A"
86,19.457,49.825,1.092,45.127,9.263,"A"
87,20.005,47.182,1.086,44.472,8.828,"A"
88,19.916,49.881,1.022,42.515,9.258,"A"
89,20.556,49.7,0.94,39.385,9.214,"A"
90,20.97,51.173,0.851,36.228,9.44,"A"
91,20.264,48.409,1.014,42.007,9.012,"A"
92,20.299,50.678,0.947,39.829,9.377,"A"
93,19.784,49.692,1.048,43.455,9.231,"A"
94,19.173,47.926,1.201,48.798,8.968,"A"
95,19.685,49.698,1.056,43.799,9.233,"A"
96,19.846,50.153,1.023,42.603,9.303,"A"
97,19.362,52.762,1.032,43.264,9.755,"A"
98,19.781,49.29,1.053,43.641,9.165,"A"
99,20.43,50.451,0.94,39.491,9.336,"A"
100,19.541,50.782,1.055,43.859,9.419,"A"
101,20.29,49.37,0.983,40.976,9.169,"A"
102,20.136,48.89,1.025,42.42,9.099,"A"
103,19.683,51.109,1.024,42.755,9.468,"A"
104,19.854,48.747,1.06,43.79,9.079,"A"
105,19.91,49.658,1.035,42.935,9.223,"A"
106,19.436,49.254,1.111,45.727,9.171,"A"
107,19.879,48.838,1.056,43.638,9.095,"A"
108,20.519,50.586,0.92,38.79,9.355,"A"
109,19.3,49.353,1.13,46.489,9.187,"A"
110,19.789,49.926,1.036,43.076,9.269,"A"
111,20.189,50.749,0.969,40.603,9.396,"A"
112,19.165,52.61,1.059,44.324,9.726,"A"
113,19.87,52.63,0.97,40.878,9.711,"A"
114,19.385,49.96,1.098,45.392,9.284,"A"
115,19.661,49.354,1.074,44.38,9.181,"A"
116,20.512,50.06,0.936,39.299,9.273,"A"
117,20.254,49.92,0.983,40.981,9.26,"A"
118,20.47,50.709,0.924,38.943,9.378,"A"
119,19.989,50.837,0.985,41.259,9.412,"A"
120,20.455,48.611,0.985,40.926,9.039,"A"
121,19.164,47.937,1.193,48.576,8.965,"A"
122,20.071,49.433,1.014,42.136,9.183,"A"
123,19.896,50.196,1.013,42.258,9.312,"A"
124,20.866,50.299,0.886,37.425,9.3,"A"
125,20.666,49.578,0.929,38.97,9.19,"A"
126,20.04,50.415,0.991,41.452,9.343,"A"
127,19.408,51.366,1.053,43.931,9.512,"A"
128,19.44,51.578,1.042,43.56,9.547,"A"
129,19.977,48.934,1.047,43.244,9.109,"A"
130,19.934,49.964,1.015,42.283,9.274,"A"
131,20.411,51.86,0.913,38.634,9.569,"A"
132,20.082,51.641,0.955,40.218,9.541,"A"
133,20.175,51.535,0.942,39.759,9.521,"A"
134,20.242,50.595,0.956,40.155,9.362,"A"
135,19.298,51.582,1.066,44.45,9.551,"A"
136,20.101,51.348,0.959,40.347,9.495,"A"
137,19.557,48.916,1.106,45.491,9.112,"A"
138,19.54,49.472,1.085,44.854,9.201,"A"
139,19.984,51.268,0.974,40.919,9.484,"A"
140,21.133,51.212,0.835,35.562,9.443,"A"
141,19.469,49.582,1.094,45.209,9.221,"A"
142,19.004,49.382,1.18,48.288,9.205,"A"
143,19.475,47.179,1.169,47.557,8.838,"A"
144,20.197,50.39,0.974,40.752,9.339,"A"
145,19.721,49.428,1.068,44.137,9.197,"A"
146,19.79,48.565,1.079,44.449,9.054,"A"
147,19.916,48.128,1.074,44.153,8.979,"A"
148,20.152,49.352,1.01,41.946,9.172,"A"
149,19.749,50.043,1.045,43.387,9.293,"A"
150,19.809,50.887,1.01,42.234,9.422,"A"
151,20.878,52.603,0.831,35.626,9.679,"A"
152,20.123,51.756,0.956,40.191,9.573,"A"
153,20.359,48.866,0.989,41.122,9.084,"A"
154,20.477,50.576,0.924,38.95,9.355,"A"
155,19.627,52.765,0.988,41.669,9.737,"A"
156,19.686,51.339,1.017,42.528,9.5,"A"
157,20.542,50.794,0.916,38.616,9.396,"A"
158,20.789,49.769,0.908,38.188,9.219,"A"
159,20.174,52.261,0.934,39.451,9.643,"A"
160,19.298,49.177,1.135,46.64,9.161,"A"
161,20.372,49.707,0.962,40.24,9.218,"A"
162,20.196,48.689,1.02,42.228,9.061,"A"
163,19.557,49.302,1.096,45.167,9.177,"A"
164,20.293,49.555,0.98,40.859,9.197,"A"
165,20.182,49.982,0.981,40.98,9.27,"A"
166,20.523,49.8,0.942,39.461,9.232,"A"
167,19.943,51.94,0.968,40.764,9.594,"A"
168,19.723,48.089,1.097,45.057,8.977,"A"
169,20.131,47.712,1.049,43.196,8.907,"A"
170,19.777,49.176,1.063,43.947,9.146,"A"
171,19.033,50.443,1.134,46.842,9.369,"A"
172,19.656,50.263,1.047,43.544,9.325,"A"
173,19.94,52.544,0.954,40.307,9.697,"A"
174,19.708,50.174,1.052,43.634,9.315,"A"
175,19.39,52.867,1.018,42.811,9.76,"A"
176,19.614,53.393,0.982,41.445,9.851,"A"
177,19.481,49.755,1.092,45.113,9.249,"A"
178,19.48,53.817,0.987,41.707,9.929,"A"
179,19.888,50.742,1.003,41.947,9.398,"A"
180,19.846,51.015,1.01,42.162,9.45,"A"
181,20.127,48.96,1.016,42.154,9.105,"A"
182,19.964,48.106,1.065,43.859,8.974,"A"
183,19.871,50.154,1.021,42.509,9.304,"A"
184,20.062,52.981,0.94,39.744,9.766,"A"
185,19.235,50.575,1.12,46.147,9.398,"A"
186,19.768,49.206,1.064,43.974,9.155,"A"
187,19.886,50.51,1.009,42.111,9.361,"A"
188,20.146,51.199,0.957,40.251,9.469,"A"
189,19.872,53.955,0.935,39.712,9.942,"A"
190,20.019,50.424,0.993,41.51,9.347,"A"
191,20.837,51.052,0.871,36.951,9.426,"A"
192,20.165,49.174,1.03,42.519,9.145,"A"
193,20.181,50.736,0.973,40.714,9.398,"A"
194,20.231,50.621,0.957,40.183,9.371,"A"
195,20.615,49.242,0.948,39.591,9.139,"A"
196,19.858,49.885,1.034,42.945,9.259,"A"
197,20.609,48.008,0.975,40.47,8.942,"A"
198,20.526,50.748,0.916,38.658,9.382,"A"
199,19.354,53.025,1.026,43.133,9.792,"A"
200,19.709,51,1.022,42.676,9.444,"A"
201,19.25,49.177,1.144,46.964,9.161,"A"
202,19.392,49.78,1.113,45.824,9.263,"A"
203,19.553,49.615,1.082,44.744,9.225,"A"
204,20.279,50.829,0.954,40.032,9.403,"A"
205,20.154,48.615,1.023,42.357,9.05,"A"
206,19.996,47.807,1.068,43.925,8.925,"A"
207,20.189,49.961,0.981,40.984,9.267,"A"
208,19.897,49.899,1.032,42.831,9.267,"A"
209,20.611,51.333,0.904,38.153,9.484,"A"
210,19.589,48.138,1.122,45.967,8.985,"A"
211,19.614,49.331,1.082,44.672,9.182,"A"
212,19.692,49.333,1.077,44.464,9.176,"A"
213,19.895,50.74,1.002,41.873,9.406,"A"
214,21.16,51.164,0.832,35.451,9.438,"A"
215,20.197,49.497,0.999,41.58,9.188,"A"
216,19.974,49.65,1.018,42.36,9.217,"A"
217,19.913,48.98,1.061,43.742,9.115,"A"
218,19.844,48.963,1.061,43.801,9.115,"A"
219,19.885,48.561,1.061,43.769,9.049,"A"
220,19.942,48.84,1.05,43.394,9.089,"A"
221,19.574,50.936,1.048,43.615,9.44,"A"
222,20.413,50.865,0.929,39.154,9.404,"A"
223,20.322,50.076,0.962,40.283,9.279,"A"
224,20.654,48.208,0.962,40.037,8.97,"A"
225,20.254,48.797,1.002,41.631,9.074,"A"
226,19.568,50.879,1.041,43.427,9.428,"A"
227,19.733,50.883,1.026,42.793,9.422,"A"
228,19.121,53.626,1.039,43.707,9.899,"A"
229,19.85,51.114,1.003,41.935,9.466,"A"
230,19.651,47.187,1.145,46.615,8.84,"A"
231,19.34,48.263,1.157,47.29,9.013,"A"
232,19.685,49.489,1.063,44.018,9.201,"A"
233,20.134,50.127,0.982,41.078,9.29,"A"
234,19.818,53.033,0.958,40.51,9.783,"A"
235,20.497,51.887,0.892,37.896,9.57,"A"
236,20.575,49.017,0.958,39.941,9.102,"A"
237,19.33,50.95,1.078,44.783,9.45,"A"
238,19.833,50.072,1.03,42.822,9.293,"A"
239,19.782,52.44,0.971,40.981,9.679,"A"
240,19.484,49.631,1.095,45.208,9.231,"A"
241,19.68,49.687,1.065,44.073,9.239,"A"
242,20.294,50.872,0.948,39.849,9.411,"A"
243,19.771,49.374,1.066,44.001,9.186,"A"
244,20.14,47.841,1.049,43.191,8.928,"A"
245,20.024,49.935,1.009,41.998,9.268,"A"
246,19.742,49.193,1.072,44.241,9.154,"A"
247,19.611,46.634,1.161,47.179,8.748,"A"
248,19.985,50.333,1.001,41.778,9.331,"A"
249,20.244,48.363,1.018,42.114,9.007,"A"
250,19.682,48.691,1.103,45.279,9.073,"A"
251,19.187,51.034,1.111,45.934,9.471,"A"
252,19.744,49.324,1.063,43.974,9.174,"A"
253,19.505,49.795,1.097,45.208,9.265,"A"
254,20.031,46.239,1.107,45.106,8.679,"A"
255,20.191,51.45,0.942,39.747,9.508,"A"
256,20.794,51.759,0.863,36.734,9.54,"A"
257,20.244,52.243,0.927,39.174,9.642,"A"
258,20.752,51.652,0.87,36.972,9.525,"A"
259,20.047,50.931,0.983,41.133,9.432,"A"
260,19.861,50.541,1.012,42.221,9.368,"A"
261,20.293,49.933,0.968,40.482,9.257,"A"
262,20.152,50.774,0.965,40.487,9.398,"A"
263,20.205,51.111,0.95,39.96,9.452,"A"
264,20.016,51.935,0.956,40.316,9.595,"A"
265,20.402,50.632,0.94,39.482,9.37,"A"
266,20.707,49.329,0.929,38.932,9.151,"A"
267,19.79,48.837,1.072,44.232,9.094,"A"
268,20.018,51.018,0.977,40.996,9.443,"A"
269,20.943,51.402,0.85,36.215,9.48,"A"
270,20.588,51.221,0.902,38.126,9.466,"A"
271,20.46,48.46,0.982,40.805,9.018,"A"
272,19.607,51.114,1.041,43.352,9.472,"A"
273,19.351,48.259,1.154,47.177,9.012,"A"
274,19.775,49.681,1.052,43.572,9.233,"A"
275,20.23,47.382,1.051,43.168,8.853,"A"
276,19.368,51.218,1.067,44.392,9.494,"A"
277,18.716,51.516,1.156,47.852,9.552,"A"
278,19.775,51.152,1.006,42.111,9.465,"A"
279,20.385,50.778,0.936,39.372,9.396,"A"
280,20.157,47.707,1.053,43.309,8.905,"A"
281,19.217,49.057,1.15,47.183,9.143,"A"
282,19.715,49.61,1.06,43.903,9.219,"A"
283,19.383,47.263,1.176,47.863,8.853,"A"
284,20.372,49.484,0.971,40.524,9.183,"A"
285,20.218,50.694,0.961,40.313,9.388,"A"
286,19.858,47.351,1.112,45.454,8.855,"A"
287,20.239,48.284,1.019,42.173,8.995,"A"
288,20.218,50.876,0.955,40.13,9.416,"A"
289,19.881,50.918,0.995,41.68,9.424,"A"
290,19.734,48.534,1.099,45.106,9.046,"A"
291,19.489,50.648,1.064,44.207,9.395,"A"
292,19.822,50.331,1.019,42.522,9.33,"A"
293,20.241,51.128,0.947,39.847,9.454,"A"
294,20.403,49.665,0.958,40.096,9.211,"A"
295,20.201,52.621,0.921,39.058,9.7,"A"
296,19.537,51.069,1.049,43.699,9.46,"A"
297,19.684,47.217,1.133,46.24,8.84,"A"
298,19.859,48.069,1.078,44.355,8.971,"A"
299,19.793,47.779,1.114,45.522,8.927,"A"
300,19.646,48.561,1.098,45.172,9.054,"A"
301,19.968,48.672,1.046,43.257,9.066,"A"
302,20.714,48.828,0.948,39.519,9.07,"A"
303,20.304,51.425,0.933,39.347,9.503,"A"
304,20.629,50.124,0.919,38.643,9.281,"A"
305,20.619,49.775,0.94,39.329,9.224,"A"
306,19.942,49.436,1.03,42.735,9.189,"A"
307,20.692,51.427,0.882,37.413,9.491,"A"
308,20.227,51.735,0.933,39.422,9.552,"A"
309,19.685,51.329,1.016,42.512,9.502,"A"
310,20.002,51.701,0.964,40.576,9.554,"A"
311,20.988,51.991,0.841,35.883,9.575,"A"
312,19.812,49.425,1.047,43.415,9.186,"A"
313,19.47,47.135,1.171,47.627,8.831,"A"
314,19.587,50.073,1.062,44.063,9.298,"A"
315,20.107,50.643,0.978,40.958,9.378,"A"
316,19.697,50.677,1.027,42.87,9.391,"A"
317,19.842,50.504,1.02,42.507,9.364,"A"
318,19.992,47.995,1.069,43.943,8.956,"A"
319,20.114,49.897,0.992,41.399,9.257,"A"
320,20.368,49.99,0.958,40.116,9.262,"A"
321,19.933,52.993,0.944,39.999,9.768,"A"
322,19.788,50.429,1.02,42.582,9.347,"A"
323,20.699,48.776,0.949,39.558,9.063,"A"
324,19.793,50.613,1.019,42.522,9.382,"A"
325,20.611,49.682,0.93,39.034,9.208,"A"
326,20.844,48.114,0.95,39.49,8.957,"A"
327,20.466,49.792,0.954,39.918,9.229,"A"
328,19.781,49.578,1.056,43.685,9.217,"A"
329,19.37,50.585,1.081,44.854,9.384,"A"
330,20.245,52.589,0.91,38.652,9.691,"A"
331,19.988,51.235,0.973,40.892,9.476,"A"
332,20.163,52.235,0.93,39.368,9.636,"A"
333,20.143,50.533,0.973,40.761,9.357,"A"
334,19.602,49.898,1.069,44.268,9.27,"A"
335,19.225,51.166,1.087,45.165,9.486,"A"
336,19.587,51.392,1.03,43.042,9.515,"A"
337,20.092,49.983,1,41.657,9.271,"A"
338,19.36,48.916,1.138,46.667,9.119,"A"
339,19.445,48.039,1.147,46.875,8.975,"A"
340,19.435,45.725,1.221,49.206,8.614,"A"
341,19.973,51.234,0.991,41.449,9.488,"A"
342,20.291,50.97,0.944,39.725,9.427,"A"
343,20.298,50.939,0.941,39.627,9.418,"A"
344,19.727,51.975,0.998,41.882,9.608,"A"
345,19.595,50.324,1.059,43.945,9.344,"A"
346,19.822,49.912,1.036,43.039,9.269,"A"
347,19.965,47.923,1.079,44.288,8.944,"A"
348,19.73,50.052,1.046,43.422,9.29,"A"
349,19.635,49.824,1.062,44.031,9.255,"A"
350,20.058,49.652,1.009,42.005,9.217,"A"
351,19.889,48.994,1.049,43.387,9.118,"A"
352,20.599,47.96,0.976,40.519,8.933,"A"
353,20.374,49.308,0.972,40.579,9.154,"A"
354,19.901,50.149,1.02,42.482,9.301,"A"
355,19.649,51.889,1.006,42.209,9.59,"A"
356,19.575,52.155,1.016,42.585,9.645,"A"
357,19.848,50.534,1.02,42.506,9.368,"A"
358,19.89,49.811,1.024,42.624,9.247,"A"
359,20.615,49.736,0.931,39.066,9.219,"A"
360,20.37,49.965,0.958,40.107,9.262,"A"
361,19.925,49.624,1.024,42.58,9.215,"A"
362,20.033,50.057,1.006,41.893,9.286,"A"
363,19.967,49.412,1.024,42.553,9.181,"A"
364,19.817,50.539,1.014,42.35,9.368,"A"
365,20.171,52.341,0.926,39.231,9.658,"A"
1,25.558,50.058,0.477,21.338,9.135,"B"
2,25.556,50.305,0.468,21.01,9.172,"B"
3,26.201,48.476,0.459,20.478,8.862,"B"
4,26.293,48.784,0.445,19.931,8.911,"B"
5,26.194,51.204,0.427,19.384,9.295,"B"
6,26.163,47.941,0.459,20.484,8.776,"B"
7,25.61,50.188,0.468,21.013,9.149,"B"
8,25.39,51.185,0.476,21.349,9.316,"B"
9,25.297,49.21,0.502,22.279,9.003,"B"
10,24.927,50.076,0.513,22.812,9.151,"B"
11,25.473,49.784,0.491,21.883,9.084,"B"
12,24.945,51.581,0.494,22.142,9.391,"B"
13,26.606,50.245,0.41,18.632,9.124,"B"
14,26.471,50.121,0.423,19.121,9.113,"B"
15,25.251,50.2,0.494,22.037,9.162,"B"
16,25.267,51.856,0.471,21.242,9.435,"B"
17,25.855,50.712,0.454,20.402,9.231,"B"
18,25.719,49.386,0.473,21.15,9.017,"B"
19,26.519,48.92,0.433,19.458,8.922,"B"
20,25.68,50.987,0.46,20.719,9.274,"B"
21,25.476,49.056,0.495,21.958,8.975,"B"
22,25.98,49.738,0.46,20.599,9.07,"B"
23,25.479,48.295,0.503,22.261,8.851,"B"
24,25.212,49.793,0.502,22.334,9.099,"B"
25,26.266,51.126,0.419,19.066,9.286,"B"
26,25.771,50.728,0.456,20.53,9.231,"B"
27,25.787,49.429,0.474,21.123,9.022,"B"
28,25.866,48.242,0.477,21.204,8.833,"B"
29,26.243,53.401,0.405,18.573,9.649,"B"
30,26.303,52.534,0.402,18.447,9.501,"B"
31,26.849,49.273,0.411,18.572,8.962,"B"
32,26.276,49.064,0.445,19.961,8.949,"B"
33,25.528,50.696,0.473,21.183,9.236,"B"
34,25.261,50.501,0.487,21.813,9.211,"B"
35,26.189,51.016,0.425,19.298,9.264,"B"
36,25.637,49.955,0.482,21.435,9.12,"B"
37,26.055,50.579,0.439,19.824,9.198,"B"
38,26.625,49.163,0.42,18.984,8.955,"B"
39,26.53,52.123,0.398,18.242,9.432,"B"
40,25.549,49.381,0.492,21.819,9.027,"B"
41,26.28,47.233,0.464,20.61,8.666,"B"
42,26.3,49.608,0.438,19.694,9.037,"B"
43,26.226,50.903,0.425,19.26,9.247,"B"
44,26.114,47.708,0.465,20.739,8.742,"B"
45,26.28,48.437,0.447,20.033,8.854,"B"
46,26.272,49.399,0.439,19.744,9.009,"B"
47,25.86,50.229,0.452,20.343,9.15,"B"
48,26.08,49.347,0.455,20.384,9.001,"B"
49,25.603,50.996,0.468,20.99,9.283,"B"
50,24.821,47.166,0.573,24.868,8.704,"B"
51,26.145,51.543,0.423,19.251,9.356,"B"
52,25.966,52.331,0.426,19.4,9.484,"B"
53,25.583,49.516,0.483,21.503,9.041,"B"
54,25.436,49.122,0.492,21.881,8.992,"B"
55,25.935,51.531,0.435,19.72,9.359,"B"
56,25.97,50.385,0.45,20.233,9.171,"B"
57,25.559,50.188,0.474,21.221,9.15,"B"
58,25.621,50.662,0.466,20.931,9.228,"B"
59,26.13,48.452,0.469,20.817,8.863,"B"
60,25.743,46.669,0.51,22.38,8.595,"B"
61,25.588,50.265,0.47,21.086,9.163,"B"
62,25.692,49.201,0.478,21.299,8.994,"B"
63,26.247,50.382,0.428,19.383,9.162,"B"
64,25.886,49.038,0.474,21.094,8.963,"B"
65,26.088,46.488,0.486,21.435,8.558,"B"
66,25.957,50.138,0.455,20.412,9.138,"B"
67,26.793,50.313,0.4,18.209,9.135,"B"
68,26.365,51.811,0.413,18.835,9.384,"B"
69,25.636,48.104,0.496,21.918,8.824,"B"
70,25.674,49.652,0.476,21.262,9.064,"B"
71,25.58,50.01,0.474,21.215,9.12,"B"
72,26.781,49.803,0.405,18.388,9.05,"B"
73,25.965,50.316,0.448,20.172,9.156,"B"
74,26.044,50.201,0.445,20.054,9.135,"B"
75,26.384,49.493,0.428,19.338,9.014,"B"
76,25.923,50.882,0.441,19.941,9.25,"B"
77,26.055,51.278,0.434,19.646,9.314,"B"
78,26.193,49.251,0.45,20.158,8.985,"B"
79,26.539,48.362,0.433,19.451,8.837,"B"
80,26.419,47.906,0.452,20.128,8.771,"B"
81,25.735,48.028,0.488,21.646,8.807,"B"
82,26.691,49.33,0.418,18.892,8.981,"B"
83,26.203,50.286,0.44,19.813,9.15,"B"
84,24.488,48.904,0.568,24.866,8.981,"B"
85,24.768,50.714,0.519,23.078,9.256,"B"
86,25.457,49.825,0.486,21.676,9.098,"B"
87,26.005,47.182,0.484,21.407,8.667,"B"
88,25.916,49.881,0.455,20.432,9.09,"B"
89,26.556,49.7,0.419,18.972,9.043,"B"
90,26.97,51.173,0.38,17.469,9.262,"B"
91,26.264,48.409,0.454,20.302,8.846,"B"
92,26.299,50.678,0.422,19.175,9.204,"B"
93,25.784,49.692,0.468,20.935,9.065,"B"
94,25.173,47.926,0.536,23.469,8.81,"B"
95,25.685,49.698,0.467,20.945,9.068,"B"
96,25.846,50.153,0.454,20.445,9.135,"B"
97,25.362,52.762,0.46,20.81,9.584,"B"
98,25.781,49.29,0.467,20.904,8.999,"B"
99,26.43,50.451,0.422,19.096,9.162,"B"
100,25.541,50.782,0.468,21.017,9.252,"B"
101,26.29,49.37,0.44,19.763,9.001,"B"
102,26.136,48.89,0.46,20.515,8.934,"B"
103,25.683,51.109,0.454,20.475,9.299,"B"
104,25.854,48.747,0.472,21.048,8.915,"B"
105,25.91,49.658,0.463,20.732,9.056,"B"
106,25.436,49.254,0.493,21.919,9.008,"B"
107,25.879,48.838,0.471,20.974,8.932,"B"
108,26.519,50.586,0.409,18.615,9.181,"B"
109,25.3,49.353,0.503,22.322,9.023,"B"
110,25.789,49.926,0.459,20.63,9.101,"B"
111,26.189,50.749,0.435,19.632,9.224,"B"
112,25.165,52.61,0.469,21.185,9.556,"B"
113,25.87,52.63,0.435,19.773,9.535,"B"
114,25.385,49.96,0.489,21.791,9.119,"B"
115,25.661,49.354,0.478,21.336,9.016,"B"
116,26.512,50.06,0.418,18.922,9.101,"B"
117,26.254,49.92,0.442,19.858,9.091,"B"
118,26.47,50.709,0.412,18.747,9.204,"B"
119,25.989,50.837,0.438,19.827,9.241,"B"
120,26.455,48.611,0.442,19.803,8.871,"B"
121,25.164,47.937,0.528,23.238,8.807,"B"
122,26.071,49.433,0.451,20.248,9.016,"B"
123,25.896,50.196,0.449,20.232,9.144,"B"
124,26.866,50.299,0.398,18.118,9.125,"B"
125,26.666,49.578,0.417,18.853,9.019,"B"
126,26.04,50.415,0.443,19.975,9.173,"B"
127,25.408,51.366,0.467,21.038,9.342,"B"
128,25.44,51.578,0.461,20.802,9.378,"B"
129,25.977,48.934,0.47,20.917,8.943,"B"
130,25.934,49.964,0.448,20.218,9.104,"B"
131,26.411,51.86,0.411,18.714,9.39,"B"
132,26.082,51.641,0.426,19.376,9.368,"B"
133,26.175,51.535,0.42,19.119,9.348,"B"
134,26.242,50.595,0.426,19.328,9.189,"B"
135,25.298,51.582,0.474,21.32,9.381,"B"
136,26.101,51.348,0.428,19.42,9.322,"B"
137,25.557,48.916,0.494,21.919,8.949,"B"
138,25.54,49.472,0.481,21.473,9.036,"B"
139,25.984,51.268,0.431,19.561,9.313,"B"
140,27.133,51.212,0.375,17.221,9.264,"B"
141,25.469,49.582,0.486,21.673,9.057,"B"
142,25.004,49.382,0.524,23.132,9.044,"B"
143,25.475,47.179,0.52,22.829,8.681,"B"
144,26.197,50.39,0.435,19.637,9.169,"B"
145,25.721,49.428,0.477,21.26,9.033,"B"
146,25.79,48.565,0.482,21.411,8.891,"B"
147,25.916,48.128,0.479,21.27,8.816,"B"
148,26.152,49.352,0.453,20.275,9.006,"B"
149,25.749,50.043,0.465,20.857,9.126,"B"
150,25.809,50.887,0.447,20.218,9.252,"B"
151,26.878,52.603,0.37,17.119,9.498,"B"
152,26.123,51.756,0.43,19.453,9.401,"B"
153,26.359,48.866,0.443,19.864,8.917,"B"
154,26.477,50.576,0.411,18.73,9.182,"B"
155,25.627,52.765,0.439,20.002,9.561,"B"
156,25.686,51.339,0.451,20.383,9.329,"B"
157,26.542,50.794,0.409,18.618,9.223,"B"
158,26.789,49.769,0.406,18.422,9.046,"B"
159,26.174,52.261,0.418,19.06,9.467,"B"
160,25.298,49.177,0.505,22.377,9,"B"
161,26.372,49.707,0.427,19.289,9.049,"B"
162,26.196,48.689,0.457,20.418,8.895,"B"
163,25.557,49.302,0.489,21.743,9.013,"B"
164,26.293,49.555,0.438,19.697,9.029,"B"
165,26.182,49.982,0.437,19.7,9.102,"B"
166,26.523,49.8,0.421,19.028,9.062,"B"
167,25.943,51.94,0.432,19.646,9.42,"B"
168,25.723,48.089,0.486,21.575,8.814,"B"
169,26.131,47.712,0.466,20.748,8.745,"B"
170,25.777,49.176,0.474,21.164,8.981,"B"
171,25.033,50.443,0.5,22.316,9.204,"B"
172,25.656,50.263,0.466,20.905,9.157,"B"
173,25.94,52.544,0.426,19.409,9.522,"B"
174,25.708,50.174,0.471,21.059,9.147,"B"
175,25.39,52.867,0.45,20.446,9.586,"B"
176,25.614,53.393,0.439,19.973,9.676,"B"
177,25.481,49.755,0.487,21.711,9.084,"B"
178,25.48,53.817,0.439,20.022,9.754,"B"
179,25.888,50.742,0.447,20.187,9.228,"B"
180,25.846,51.015,0.452,20.352,9.28,"B"
181,26.127,48.96,0.452,20.271,8.939,"B"
182,25.964,48.106,0.476,21.133,8.811,"B"
183,25.871,50.154,0.452,20.357,9.135,"B"
184,26.062,52.981,0.423,19.278,9.588,"B"
185,25.235,50.575,0.501,22.248,9.234,"B"
186,25.768,49.206,0.471,21.05,8.99,"B"
187,25.886,50.51,0.449,20.249,9.192,"B"
188,26.146,51.199,0.428,19.406,9.297,"B"
189,25.872,53.955,0.418,19.171,9.765,"B"
190,26.019,50.424,0.443,19.976,9.177,"B"
191,26.837,51.052,0.388,17.781,9.25,"B"
192,26.165,49.174,0.466,20.687,8.977,"B"
193,26.181,50.736,0.436,19.673,9.228,"B"
194,26.231,50.621,0.426,19.316,9.2,"B"
195,26.615,49.242,0.426,19.184,8.969,"B"
196,25.858,49.885,0.462,20.716,9.09,"B"
197,26.609,48.008,0.436,19.531,8.775,"B"
198,26.526,50.748,0.41,18.654,9.208,"B"
199,25.354,53.025,0.458,20.775,9.619,"B"
200,25.709,51,0.453,20.455,9.274,"B"
201,25.25,49.177,0.508,22.526,8.999,"B"
202,25.392,49.78,0.498,22.102,9.1,"B"
203,25.553,49.615,0.482,21.502,9.06,"B"
204,26.279,50.829,0.426,19.298,9.23,"B"
205,26.154,48.615,0.457,20.419,8.884,"B"
206,25.996,47.807,0.477,21.162,8.763,"B"
207,26.189,49.961,0.436,19.689,9.098,"B"
208,25.897,49.899,0.463,20.689,9.101,"B"
209,26.611,51.333,0.404,18.412,9.309,"B"
210,25.589,48.138,0.499,22.099,8.824,"B"
211,25.614,49.331,0.481,21.419,9.019,"B"
212,25.692,49.333,0.483,21.476,9.011,"B"
213,25.895,50.74,0.444,20.059,9.238,"B"
214,27.16,51.164,0.373,17.137,9.26,"B"
215,26.197,49.497,0.449,20.131,9.019,"B"
216,25.974,49.65,0.454,20.387,9.049,"B"
217,25.913,48.98,0.477,21.194,8.95,"B"
218,25.844,48.963,0.473,21.07,8.951,"B"
219,25.885,48.561,0.47,20.963,8.886,"B"
220,25.942,48.84,0.47,20.947,8.924,"B"
221,25.574,50.936,0.467,20.981,9.272,"B"
222,26.413,50.865,0.414,18.844,9.23,"B"
223,26.322,50.076,0.431,19.459,9.107,"B"
224,26.654,48.208,0.43,19.313,8.802,"B"
225,26.254,48.797,0.446,20.027,8.906,"B"
226,25.568,50.879,0.461,20.78,9.26,"B"
227,25.733,50.883,0.458,20.636,9.25,"B"
228,25.121,53.626,0.461,20.932,9.726,"B"
229,25.85,51.114,0.447,20.169,9.295,"B"
230,25.651,47.187,0.512,22.453,8.682,"B"
231,25.34,48.263,0.515,22.718,8.854,"B"
232,25.685,49.489,0.47,21.037,9.036,"B"
233,26.134,50.127,0.437,19.76,9.12,"B"
234,25.818,53.033,0.427,19.497,9.607,"B"
235,26.497,51.887,0.398,18.242,9.393,"B"
236,26.575,49.017,0.43,19.336,8.933,"B"
237,25.33,50.95,0.478,21.435,9.283,"B"
238,25.833,50.072,0.459,20.59,9.126,"B"
239,25.782,52.44,0.428,19.561,9.504,"B"
240,25.484,49.631,0.487,21.703,9.066,"B"
241,25.68,49.687,0.475,21.209,9.075,"B"
242,26.294,50.872,0.425,19.248,9.238,"B"
243,25.771,49.374,0.477,21.235,9.021,"B"
244,26.14,47.841,0.467,20.765,8.765,"B"
245,26.024,49.935,0.451,20.255,9.1,"B"
246,25.742,49.193,0.48,21.356,8.989,"B"
247,25.611,46.634,0.516,22.638,8.591,"B"
248,25.985,50.333,0.443,20.002,9.162,"B"
249,26.244,48.363,0.455,20.318,8.841,"B"
250,25.682,48.691,0.495,21.9,8.91,"B"
251,25.187,51.034,0.496,22.116,9.305,"B"
252,25.744,49.324,0.473,21.148,9.009,"B"
253,25.505,49.795,0.491,21.802,9.101,"B"
254,26.031,46.239,0.489,21.579,8.522,"B"
255,26.191,51.45,0.418,19.069,9.333,"B"
256,26.794,51.759,0.387,17.746,9.361,"B"
257,26.244,52.243,0.415,18.927,9.467,"B"
258,26.752,51.652,0.389,17.839,9.347,"B"
259,26.047,50.931,0.441,19.864,9.261,"B"
260,25.861,50.541,0.447,20.192,9.199,"B"
261,26.293,49.933,0.432,19.482,9.087,"B"
262,26.152,50.774,0.43,19.485,9.226,"B"
263,26.205,51.111,0.421,19.15,9.28,"B"
264,26.016,51.935,0.426,19.399,9.422,"B"
265,26.402,50.632,0.421,19.077,9.197,"B"
266,26.707,49.329,0.416,18.82,8.98,"B"
267,25.79,48.837,0.479,21.318,8.93,"B"
268,26.018,51.018,0.433,19.616,9.272,"B"
269,26.943,51.402,0.38,17.475,9.302,"B"
270,26.588,51.221,0.404,18.419,9.291,"B"
271,26.46,48.46,0.438,19.66,8.852,"B"
272,25.607,51.114,0.465,20.891,9.303,"B"
273,25.351,48.259,0.511,22.58,8.853,"B"
274,25.775,49.681,0.468,20.932,9.067,"B"
275,26.23,47.382,0.47,20.831,8.69,"B"
276,25.368,51.218,0.473,21.28,9.327,"B"
277,24.716,51.516,0.511,22.844,9.385,"B"
278,25.775,51.152,0.445,20.157,9.294,"B"
279,26.385,50.778,0.418,18.981,9.223,"B"
280,26.157,47.707,0.472,20.926,8.742,"B"
281,25.217,49.057,0.51,22.591,8.981,"B"
282,25.715,49.61,0.473,21.142,9.052,"B"
283,25.383,47.263,0.521,22.91,8.695,"B"
284,26.372,49.484,0.435,19.561,9.013,"B"
285,26.218,50.694,0.428,19.386,9.218,"B"
286,25.858,47.351,0.499,21.988,8.695,"B"
287,26.239,48.284,0.455,20.301,8.829,"B"
288,26.218,50.876,0.426,19.316,9.244,"B"
289,25.881,50.918,0.441,19.951,9.253,"B"
290,25.734,48.534,0.494,21.828,8.882,"B"
291,25.489,50.648,0.47,21.112,9.229,"B"
292,25.822,50.331,0.453,20.41,9.16,"B"
293,26.241,51.128,0.423,19.215,9.281,"B"
294,26.403,49.665,0.427,19.295,9.041,"B"
295,26.201,52.621,0.413,18.885,9.523,"B"
296,25.537,51.069,0.469,21.052,9.291,"B"
297,25.684,47.217,0.505,22.232,8.682,"B"
298,25.859,48.069,0.478,21.238,8.809,"B"
299,25.793,47.779,0.501,22.054,8.765,"B"
300,25.646,48.561,0.489,21.706,8.892,"B"
301,25.968,48.672,0.462,20.663,8.902,"B"
302,26.714,48.828,0.427,19.184,8.901,"B"
303,26.304,51.425,0.417,18.964,9.329,"B"
304,26.629,50.124,0.41,18.623,9.109,"B"
305,26.619,49.775,0.424,19.103,9.052,"B"
306,25.942,49.436,0.458,20.529,9.023,"B"
307,26.692,51.427,0.394,18.03,9.315,"B"
308,26.227,51.735,0.417,19.014,9.377,"B"
309,25.685,51.329,0.452,20.424,9.332,"B"
310,26.002,51.701,0.43,19.526,9.381,"B"
311,26.988,51.991,0.38,17.45,9.394,"B"
312,25.812,49.425,0.466,20.863,9.02,"B"
313,25.47,47.135,0.522,22.901,8.674,"B"
314,25.587,50.073,0.47,21.081,9.132,"B"
315,26.107,50.643,0.437,19.759,9.206,"B"
316,25.697,50.677,0.455,20.513,9.222,"B"
317,25.842,50.504,0.456,20.473,9.195,"B"
318,25.992,47.995,0.479,21.236,8.792,"B"
319,26.114,49.897,0.441,19.88,9.089,"B"
320,26.368,49.99,0.429,19.381,9.091,"B"
321,25.933,52.993,0.422,19.278,9.591,"B"
322,25.788,50.429,0.451,20.349,9.178,"B"
323,26.699,48.776,0.426,19.148,8.894,"B"
324,25.793,50.613,0.453,20.435,9.214,"B"
325,26.611,49.682,0.413,18.728,9.036,"B"
326,26.844,48.114,0.429,19.187,8.789,"B"
327,26.466,49.792,0.429,19.343,9.058,"B"
328,25.781,49.578,0.473,21.074,9.051,"B"
329,25.37,50.585,0.479,21.478,9.217,"B"
330,26.245,52.589,0.405,18.583,9.512,"B"
331,25.988,51.235,0.431,19.58,9.304,"B"
332,26.163,52.235,0.416,18.981,9.459,"B"
333,26.143,50.533,0.434,19.644,9.186,"B"
334,25.602,49.898,0.476,21.286,9.104,"B"
335,25.225,51.166,0.48,21.564,9.32,"B"
336,25.587,51.392,0.459,20.681,9.345,"B"
337,26.092,49.983,0.447,20.099,9.101,"B"
338,25.36,48.916,0.507,22.434,8.957,"B"
339,25.445,48.039,0.509,22.481,8.816,"B"
340,25.435,45.725,0.536,23.398,8.461,"B"
341,25.973,51.234,0.445,20.05,9.318,"B"
342,26.291,50.97,0.421,19.103,9.255,"B"
343,26.298,50.939,0.419,19.046,9.244,"B"
344,25.727,51.975,0.446,20.17,9.436,"B"
345,25.595,50.324,0.471,21.09,9.178,"B"
346,25.822,49.912,0.462,20.686,9.102,"B"
347,25.965,47.923,0.484,21.42,8.782,"B"
348,25.73,50.052,0.463,20.795,9.122,"B"
349,25.635,49.824,0.472,21.118,9.089,"B"
350,26.058,49.652,0.451,20.259,9.049,"B"
351,25.889,48.994,0.466,20.818,8.954,"B"
352,26.599,47.96,0.436,19.538,8.766,"B"
353,26.374,49.308,0.435,19.572,8.986,"B"
354,25.901,50.149,0.456,20.505,9.132,"B"
355,25.649,51.889,0.447,20.248,9.416,"B"
356,25.575,52.155,0.453,20.493,9.474,"B"
357,25.848,50.534,0.457,20.527,9.198,"B"
358,25.89,49.811,0.455,20.462,9.079,"B"
359,26.615,49.736,0.417,18.863,9.048,"B"
360,26.37,49.965,0.429,19.364,9.091,"B"
361,25.925,49.624,0.455,20.427,9.047,"B"
362,26.033,50.057,0.451,20.234,9.118,"B"
363,25.967,49.412,0.455,20.415,9.014,"B"
364,25.817,50.539,0.449,20.272,9.199,"B"
365,26.171,52.341,0.411,18.832,9.482,"B"
1,19.558,65.058,0.768,34.348,12.095,"C"
2,19.556,65.305,0.758,34.006,12.132,"C"
3,20.201,63.476,0.728,32.571,11.724,"C"
4,20.293,63.784,0.709,31.835,11.799,"C"
5,20.194,66.204,0.689,31.238,12.312,"C"
6,20.163,62.941,0.73,32.655,11.59,"C"
7,19.61,65.188,0.756,33.915,12.096,"C"
8,19.39,66.185,0.771,34.55,12.332,"C"
9,19.297,64.21,0.805,35.802,11.895,"C"
10,18.927,65.076,0.832,36.981,12.088,"C"
11,19.473,64.784,0.789,35.15,11.992,"C"
12,18.945,66.581,0.807,36.088,12.417,"C"
13,20.606,65.245,0.658,29.907,12.065,"C"
14,20.471,65.121,0.676,30.619,12.066,"C"
15,19.251,65.2,0.798,35.583,12.112,"C"
16,19.267,66.856,0.769,34.568,12.511,"C"
17,19.855,65.712,0.732,32.888,12.236,"C"
18,19.719,64.386,0.759,33.952,11.917,"C"
19,20.519,63.92,0.689,31.005,11.808,"C"
20,19.68,65.987,0.744,33.435,12.271,"C"
21,19.476,64.056,0.791,35.169,11.865,"C"
22,19.98,64.738,0.736,32.96,12.012,"C"
23,19.479,63.295,0.802,35.571,11.686,"C"
24,19.212,64.793,0.809,35.983,12.03,"C"
25,20.266,66.126,0.68,30.839,12.316,"C"
26,19.771,65.728,0.736,33.087,12.218,"C"
27,19.787,64.429,0.756,33.787,11.93,"C"
28,19.866,63.242,0.76,33.863,11.671,"C"
29,20.243,68.401,0.659,30.143,12.807,"C"
30,20.303,67.534,0.655,29.965,12.58,"C"
31,20.849,64.273,0.653,29.584,11.846,"C"
32,20.276,64.064,0.708,31.845,11.829,"C"
33,19.528,65.696,0.762,34.158,12.23,"C"
34,19.261,65.501,0.79,35.301,12.177,"C"
35,20.189,66.016,0.688,31.171,12.266,"C"
36,19.637,64.955,0.77,34.333,12.093,"C"
37,20.055,65.579,0.708,31.951,12.175,"C"
38,20.625,64.163,0.67,30.308,11.844,"C"
39,20.53,67.123,0.646,29.51,12.507,"C"
40,19.549,64.381,0.785,34.907,11.952,"C"
41,20.28,62.233,0.732,32.664,11.463,"C"
42,20.3,64.608,0.699,31.517,11.959,"C"
43,20.226,65.903,0.685,31.059,12.251,"C"
44,20.114,62.708,0.739,33.013,11.54,"C"
45,20.28,63.437,0.711,31.955,11.71,"C"
46,20.272,64.399,0.702,31.621,11.927,"C"
47,19.86,65.229,0.729,32.809,12.109,"C"
48,20.08,64.347,0.727,32.59,11.906,"C"
49,19.603,65.996,0.755,33.867,12.302,"C"
50,18.821,62.166,0.905,39.496,11.525,"C"
51,20.145,66.543,0.686,31.145,12.402,"C"
52,19.966,67.331,0.693,31.478,12.574,"C"
53,19.583,64.516,0.774,34.525,11.948,"C"
54,19.436,64.122,0.791,35.199,11.904,"C"
55,19.935,66.531,0.706,31.946,12.404,"C"
56,19.97,65.385,0.723,32.519,12.141,"C"
57,19.559,65.188,0.764,34.209,12.099,"C"
58,19.621,65.662,0.752,33.745,12.221,"C"
59,20.13,63.452,0.742,33.062,11.736,"C"
60,19.743,61.669,0.802,35.397,11.363,"C"
61,19.588,65.265,0.76,34.043,12.116,"C"
62,19.692,64.201,0.765,34.153,11.901,"C"
63,20.247,65.382,0.69,31.209,12.128,"C"
64,19.886,64.038,0.754,33.656,11.87,"C"
65,20.088,61.488,0.765,33.886,11.323,"C"
66,19.957,65.138,0.73,32.758,12.113,"C"
67,20.793,65.313,0.642,29.241,12.101,"C"
68,20.365,66.811,0.667,30.379,12.429,"C"
69,19.636,63.104,0.788,34.975,11.678,"C"
70,19.674,64.652,0.763,34.118,11.991,"C"
71,19.58,65.01,0.763,34.177,12.057,"C"
72,20.781,64.803,0.649,29.48,11.97,"C"
73,19.965,65.316,0.721,32.472,12.106,"C"
74,20.044,65.201,0.716,32.238,12.078,"C"
75,20.384,64.493,0.687,31.029,11.917,"C"
76,19.923,65.882,0.713,32.215,12.239,"C"
77,20.055,66.278,0.701,31.705,12.348,"C"
78,20.193,64.251,0.717,32.187,11.893,"C"
79,20.539,63.362,0.689,31.025,11.696,"C"
80,20.419,62.906,0.714,31.938,11.622,"C"
81,19.735,63.028,0.776,34.513,11.649,"C"
82,20.691,64.33,0.666,30.12,11.887,"C"
83,20.203,65.286,0.705,31.765,12.121,"C"
84,18.488,63.904,0.912,40.02,11.869,"C"
85,18.768,65.714,0.844,37.498,12.231,"C"
86,19.457,64.825,0.781,34.87,12.035,"C"
87,20.005,62.182,0.765,33.946,11.463,"C"
88,19.916,64.881,0.732,32.873,12.016,"C"
89,20.556,64.7,0.671,30.391,11.97,"C"
90,20.97,66.173,0.613,28.141,12.262,"C"
91,20.264,63.409,0.721,32.287,11.687,"C"
92,20.299,65.678,0.681,30.883,12.178,"C"
93,19.784,64.692,0.749,33.553,11.987,"C"
94,19.173,62.926,0.849,37.342,11.658,"C"
95,19.685,64.698,0.753,33.76,11.98,"C"
96,19.846,65.153,0.733,32.95,12.073,"C"
97,19.362,67.762,0.751,33.881,12.733,"C"
98,19.781,64.29,0.749,33.56,11.886,"C"
99,20.43,65.451,0.676,30.634,12.116,"C"
100,19.541,65.782,0.758,34.012,12.258,"C"
101,20.29,64.37,0.701,31.582,11.914,"C"
102,20.136,63.89,0.73,32.668,11.836,"C"
103,19.683,66.109,0.737,33.195,12.316,"C"
104,19.854,63.747,0.753,33.64,11.791,"C"
105,19.91,64.658,0.742,33.212,11.979,"C"
106,19.436,64.254,0.791,35.208,11.913,"C"
107,19.879,63.838,0.751,33.544,11.823,"C"
108,20.519,65.586,0.66,30.033,12.143,"C"
109,19.3,64.353,0.807,35.868,11.918,"C"
110,19.789,64.926,0.74,33.235,12.032,"C"
111,20.189,65.749,0.699,31.554,12.224,"C"
112,19.165,67.61,0.769,34.637,12.664,"C"
113,19.87,67.63,0.708,32.084,12.644,"C"
114,19.385,64.96,0.786,35.077,12.054,"C"
115,19.661,64.354,0.767,34.227,11.924,"C"
116,20.512,65.06,0.67,30.378,12.046,"C"
117,20.254,64.92,0.705,31.711,12.046,"C"
118,20.47,65.709,0.664,30.199,12.173,"C"
119,19.989,65.837,0.708,31.994,12.228,"C"
120,20.455,63.611,0.702,31.535,11.719,"C"
121,19.164,62.937,0.843,37.172,11.632,"C"
122,20.071,64.433,0.724,32.502,11.925,"C"
123,19.896,65.196,0.724,32.635,12.1,"C"
124,20.866,65.299,0.636,28.999,12.076,"C"
125,20.666,64.578,0.665,30.099,11.934,"C"
126,20.04,65.415,0.713,32.147,12.138,"C"
127,19.408,66.366,0.76,34.156,12.357,"C"
128,19.44,66.578,0.752,33.859,12.412,"C"
129,19.977,63.934,0.746,33.303,11.842,"C"
130,19.934,64.964,0.723,32.578,12.025,"C"
131,20.411,66.86,0.662,30.147,12.435,"C"
132,20.082,66.641,0.691,31.338,12.41,"C"
133,20.175,66.535,0.68,30.934,12.381,"C"
134,20.242,65.595,0.687,31.14,12.139,"C"
135,19.298,66.582,0.77,34.579,12.408,"C"
136,20.101,66.348,0.692,31.376,12.351,"C"
137,19.557,63.916,0.788,35.043,11.828,"C"
138,19.54,64.472,0.773,34.55,11.941,"C"
139,19.984,66.268,0.7,31.736,12.334,"C"
140,21.133,66.212,0.603,27.669,12.271,"C"
141,19.469,64.582,0.781,34.87,11.971,"C"
142,19.004,64.382,0.842,37.221,11.968,"C"
143,19.475,62.179,0.823,36.286,11.47,"C"
144,20.197,65.39,0.7,31.573,12.154,"C"
145,19.721,64.428,0.763,34.047,11.969,"C"
146,19.79,63.565,0.767,34.171,11.768,"C"
147,19.916,63.128,0.761,33.87,11.66,"C"
148,20.152,64.352,0.722,32.391,11.932,"C"
149,19.749,65.043,0.749,33.581,12.08,"C"
150,19.809,65.887,0.727,32.763,12.231,"C"
151,20.878,67.603,0.602,27.8,12.6,"C"
152,20.123,66.756,0.692,31.333,12.501,"C"
153,20.359,63.866,0.705,31.671,11.791,"C"
154,20.477,65.576,0.663,30.157,12.146,"C"
155,19.627,67.765,0.719,32.61,12.66,"C"
156,19.686,66.339,0.734,33.074,12.343,"C"
157,20.542,65.794,0.659,29.952,12.233,"C"
158,20.789,64.769,0.649,29.491,11.967,"C"
159,20.174,67.261,0.678,30.833,12.554,"C"
160,19.298,64.177,0.81,35.946,11.899,"C"
161,20.372,64.707,0.686,31.003,11.967,"C"
162,20.196,63.689,0.726,32.51,11.765,"C"
163,19.557,64.302,0.782,34.831,11.927,"C"
164,20.293,64.555,0.7,31.548,11.949,"C"
165,20.182,64.982,0.702,31.661,12.05,"C"
166,20.523,64.8,0.673,30.478,12.001,"C"
167,19.943,66.94,0.702,31.82,12.479,"C"
168,19.723,63.089,0.774,34.442,11.642,"C"
169,20.131,62.712,0.74,33.015,11.564,"C"
170,19.777,64.176,0.759,33.916,11.862,"C"
171,19.033,65.443,0.811,36.196,12.153,"C"
172,19.656,65.263,0.751,33.702,12.102,"C"
173,19.94,67.544,0.694,31.541,12.631,"C"
174,19.708,65.174,0.756,33.806,12.11,"C"
175,19.39,67.867,0.74,33.476,12.691,"C"
176,19.614,68.393,0.718,32.562,12.859,"C"
177,19.481,64.755,0.782,34.889,12.011,"C"
178,19.48,68.817,0.722,32.788,12.972,"C"
179,19.888,65.742,0.722,32.565,12.21,"C"
180,19.846,66.015,0.728,32.776,12.305,"C"
181,20.127,63.96,0.723,32.426,11.82,"C"
182,19.964,63.106,0.755,33.639,11.653,"C"
183,19.871,65.154,0.73,32.842,12.078,"C"
184,20.062,67.981,0.688,31.241,12.73,"C"
185,19.235,65.575,0.806,35.824,12.252,"C"
186,19.768,64.206,0.757,33.832,11.891,"C"
187,19.886,65.51,0.724,32.634,12.164,"C"
188,20.146,66.199,0.69,31.286,12.317,"C"
189,19.872,68.955,0.686,31.276,12.998,"C"
190,20.019,65.424,0.713,32.138,12.154,"C"
191,20.837,66.052,0.626,28.669,12.25,"C"
192,20.165,64.174,0.735,32.784,11.896,"C"
193,20.181,65.736,0.701,31.631,12.243,"C"
194,20.231,65.621,0.687,31.133,12.177,"C"
195,20.615,64.242,0.676,30.533,11.869,"C"
196,19.858,64.885,0.741,33.218,12.013,"C"
197,20.609,63.008,0.689,30.971,11.601,"C"
198,20.526,65.748,0.659,29.989,12.185,"C"
199,19.354,68.025,0.75,33.857,12.758,"C"
200,19.709,66,0.736,33.147,12.264,"C"
201,19.25,64.177,0.816,36.203,11.894,"C"
202,19.392,64.78,0.796,35.408,12.061,"C"
203,19.553,64.615,0.774,34.559,11.978,"C"
204,20.279,65.829,0.687,31.108,12.222,"C"
205,20.154,63.615,0.727,32.539,11.744,"C"
206,19.996,62.807,0.755,33.631,11.586,"C"
207,20.189,64.961,0.702,31.661,12.044,"C"
208,19.897,64.899,0.74,33.148,12.061,"C"
209,20.611,66.333,0.653,29.688,12.36,"C"
210,19.589,63.138,0.795,35.278,11.651,"C"
211,19.614,64.331,0.771,34.402,11.94,"C"
212,19.692,64.333,0.77,34.324,11.918,"C"
213,19.895,65.74,0.718,32.413,12.249,"C"
214,21.16,66.164,0.6,27.542,12.283,"C"
215,20.197,64.497,0.715,32.135,11.922,"C"
216,19.974,64.65,0.728,32.699,11.957,"C"
217,19.913,63.98,0.757,33.751,11.843,"C"
218,19.844,63.963,0.756,33.734,11.843,"C"
219,19.885,63.561,0.752,33.566,11.752,"C"
220,19.942,63.84,0.749,33.442,11.793,"C"
221,19.574,65.936,0.756,33.909,12.276,"C"
222,20.413,65.865,0.669,30.394,12.214,"C"
223,20.322,65.076,0.69,31.189,12.041,"C"
224,20.654,63.208,0.682,30.712,11.626,"C"
225,20.254,63.797,0.713,32.028,11.76,"C"
226,19.568,65.879,0.748,33.663,12.245,"C"
227,19.733,65.883,0.739,33.262,12.22,"C"
228,19.121,68.626,0.759,34.322,12.907,"C"
229,19.85,66.114,0.723,32.579,12.319,"C"
230,19.651,62.187,0.806,35.57,11.497,"C"
231,19.34,63.263,0.82,36.285,11.701,"C"
232,19.685,64.489,0.756,33.873,11.947,"C"
233,20.134,65.127,0.703,31.779,12.049,"C"
234,19.818,68.033,0.698,31.735,12.752,"C"
235,20.497,66.887,0.645,29.522,12.442,"C"
236,20.575,64.017,0.683,30.786,11.813,"C"
237,19.33,65.95,0.775,34.745,12.293,"C"
238,19.833,65.072,0.738,33.129,12.08,"C"
239,19.782,67.44,0.702,31.931,12.578,"C"
240,19.484,64.631,0.78,34.81,11.983,"C"
241,19.68,64.687,0.762,34.04,12.025,"C"
242,20.294,65.872,0.683,30.961,12.236,"C"
243,19.771,64.374,0.762,33.971,11.952,"C"
244,20.14,62.841,0.741,33.049,11.591,"C"
245,20.024,64.935,0.721,32.431,12.049,"C"
246,19.742,64.193,0.766,34.144,11.895,"C"
247,19.611,61.634,0.814,35.877,11.349,"C"
248,19.985,65.333,0.717,32.295,12.125,"C"
249,20.244,63.363,0.722,32.325,11.69,"C"
250,19.682,63.691,0.787,34.902,11.782,"C"
251,19.187,66.034,0.803,35.753,12.34,"C"
252,19.744,64.324,0.759,33.935,11.907,"C"
253,19.505,64.795,0.786,34.949,12.074,"C"
254,20.031,61.239,0.771,34.15,11.268,"C"
255,20.191,66.45,0.679,30.893,12.346,"C"
256,20.794,66.759,0.625,28.645,12.4,"C"
257,20.244,67.243,0.674,30.634,12.573,"C"
258,20.752,66.652,0.629,28.8,12.386,"C"
259,20.047,65.931,0.708,31.943,12.282,"C"
260,19.861,65.541,0.725,32.664,12.169,"C"
261,20.293,64.933,0.692,31.277,12.019,"C"
262,20.152,65.774,0.693,31.393,12.214,"C"
263,20.205,66.111,0.683,30.999,12.291,"C"
264,20.016,66.935,0.692,31.438,12.496,"C"
265,20.402,65.632,0.676,30.632,12.183,"C"
266,20.707,64.329,0.663,30.018,11.886,"C"
267,19.79,63.837,0.763,34.036,11.807,"C"
268,20.018,66.018,0.702,31.778,12.28,"C"
269,20.943,66.402,0.614,28.171,12.322,"C"
270,20.588,66.221,0.651,29.636,12.329,"C"
271,20.46,63.46,0.696,31.317,11.709,"C"
272,19.607,66.114,0.751,33.728,12.332,"C"
273,19.351,63.259,0.817,36.176,11.696,"C"
274,19.775,64.681,0.752,33.643,12.003,"C"
275,20.23,62.382,0.742,33.014,11.496,"C"
276,19.368,66.218,0.769,34.513,12.351,"C"
277,18.716,66.516,0.835,37.227,12.393,"C"
278,19.775,66.152,0.724,32.689,12.286,"C"
279,20.385,65.778,0.672,30.526,12.222,"C"
280,20.157,62.707,0.746,33.202,11.558,"C"
281,19.217,64.057,0.818,36.295,11.868,"C"
282,19.715,64.61,0.758,33.902,11.965,"C"
283,19.383,62.263,0.827,36.49,11.481,"C"
284,20.372,64.484,0.694,31.28,11.921,"C"
285,20.218,65.694,0.691,31.25,12.219,"C"
286,19.858,62.351,0.787,34.81,11.49,"C"
287,20.239,63.284,0.722,32.342,11.674,"C"
288,20.218,65.876,0.687,31.16,12.238,"C"
289,19.881,65.918,0.714,32.292,12.226,"C"
290,19.734,63.534,0.782,34.697,11.741,"C"
291,19.489,65.648,0.763,34.223,12.214,"C"
292,19.822,65.331,0.73,32.899,12.093,"C"
293,20.241,66.128,0.683,30.987,12.293,"C"
294,20.403,64.665,0.684,30.935,11.957,"C"
295,20.201,67.621,0.672,30.623,12.626,"C"
296,19.537,66.069,0.758,34.009,12.292,"C"
297,19.684,62.217,0.798,35.295,11.479,"C"
298,19.859,63.069,0.762,33.932,11.648,"C"
299,19.793,62.779,0.789,34.897,11.594,"C"
300,19.646,63.561,0.78,34.705,11.756,"C"
301,19.968,63.672,0.74,33.126,11.769,"C"
302,20.714,63.828,0.675,30.445,11.78,"C"
303,20.304,66.425,0.674,30.617,12.367,"C"
304,20.629,65.124,0.658,29.883,12.063,"C"
305,20.619,64.775,0.675,30.472,11.983,"C"
306,19.942,64.436,0.734,32.939,11.942,"C"
307,20.692,66.427,0.637,29.11,12.344,"C"
308,20.227,66.735,0.676,30.734,12.418,"C"
309,19.685,66.329,0.733,33.045,12.359,"C"
310,20.002,66.701,0.696,31.589,12.427,"C"
311,20.988,66.991,0.611,28.056,12.458,"C"
312,19.812,64.425,0.747,33.455,11.92,"C"
313,19.47,62.135,0.825,36.349,11.462,"C"
314,19.587,65.073,0.76,34.044,12.07,"C"
315,20.107,65.643,0.703,31.749,12.181,"C"
316,19.697,65.677,0.736,33.187,12.187,"C"
317,19.842,65.504,0.734,32.965,12.178,"C"
318,19.992,62.995,0.757,33.697,11.625,"C"
319,20.114,64.897,0.709,31.953,12.028,"C"
320,20.368,64.99,0.686,31.032,12.019,"C"
321,19.933,67.993,0.689,31.384,12.715,"C"
322,19.788,65.429,0.73,32.913,12.124,"C"
323,20.699,63.776,0.676,30.453,11.775,"C"
324,19.793,65.613,0.732,32.961,12.197,"C"
325,20.611,64.682,0.663,30.082,11.946,"C"
326,20.844,63.114,0.674,30.317,11.647,"C"
327,20.466,64.792,0.684,30.89,11.983,"C"
328,19.781,64.578,0.754,33.721,11.983,"C"
329,19.37,65.585,0.776,34.754,12.177,"C"
330,20.245,67.589,0.661,30.232,12.596,"C"
331,19.988,66.235,0.7,31.734,12.309,"C"
332,20.163,67.235,0.675,30.765,12.532,"C"
333,20.143,65.533,0.699,31.586,12.15,"C"
334,19.602,64.898,0.766,34.242,12.043,"C"
335,19.225,66.166,0.782,35.061,12.33,"C"
336,19.587,66.392,0.744,33.5,12.38,"C"
337,20.092,64.983,0.717,32.258,12.04,"C"
338,19.36,63.916,0.809,35.875,11.846,"C"
339,19.445,63.039,0.812,35.928,11.649,"C"
340,19.435,60.725,0.845,37.08,11.188,"C"
341,19.973,66.234,0.716,32.274,12.374,"C"
342,20.291,65.97,0.68,30.833,12.258,"C"
343,20.298,65.939,0.677,30.763,12.222,"C"
344,19.727,66.975,0.724,32.698,12.511,"C"
345,19.595,65.324,0.76,34.021,12.161,"C"
346,19.822,64.912,0.742,33.262,12.052,"C"
347,19.965,62.923,0.766,34.003,11.613,"C"
348,19.73,65.052,0.749,33.569,12.055,"C"
349,19.635,64.824,0.759,33.995,12.015,"C"
350,20.058,64.652,0.722,32.463,11.966,"C"
351,19.889,63.994,0.745,33.361,11.843,"C"
352,20.599,62.96,0.69,31.027,11.581,"C"
353,20.374,64.308,0.694,31.293,11.885,"C"
354,19.901,65.149,0.733,32.928,12.074,"C"
355,19.649,66.889,0.728,32.911,12.454,"C"
356,19.575,67.155,0.737,33.252,12.572,"C"
357,19.848,65.534,0.734,32.972,12.173,"C"
358,19.89,64.811,0.732,32.901,12.001,"C"
359,20.615,64.736,0.666,30.172,11.982,"C"
360,20.37,64.965,0.686,31.013,12.03,"C"
361,19.925,64.624,0.73,32.815,11.954,"C"
362,20.033,65.057,0.722,32.45,12.072,"C"
363,19.967,64.412,0.73,32.786,11.915,"C"
364,19.817,65.539,0.727,32.766,12.167,"C"
365,20.171,67.341,0.671,30.622,12.57,"C"
1,16.592,65.568,1.163,50.179,12.317,"D"
2,16.562,66.144,1.255,53.448,12.401,"D"
3,19.124,61.739,0.888,38.804,11.503,"D"
4,19.474,62.467,0.881,38.635,11.637,"D"
5,19.06,68.266,0.779,35.131,12.887,"D"
6,18.917,60.428,0.992,42.769,11.322,"D"
7,16.633,66.174,1.184,50.984,12.555,"D"
8,15.801,68.204,1.258,54.196,13.062,"D"
9,15.417,63.463,1.497,62.572,12.115,"D"
10,13.869,65.904,1.877,77.027,12.508,"D"
11,16.048,65.208,1.332,56.355,12.401,"D"
12,13.986,69.167,1.755,73.186,13.525,"D"
13,20.627,65.968,0.659,30.098,12.356,"D"
14,20.084,65.681,0.712,32.208,12.333,"D"
15,15.204,65.885,1.43,60.518,12.475,"D"
16,15.27,69.875,1.35,57.982,13.423,"D"
17,17.624,67.145,1.037,45.294,12.719,"D"
18,17.083,63.984,1.145,49.186,12.009,"D"
19,20.232,63.248,0.751,33.583,11.81,"D"
20,16.883,68.232,1.062,46.462,13.028,"D"
21,16.132,63.264,1.336,56.528,12.131,"D"
22,18.161,64.93,0.959,41.947,12.223,"D"
23,16.109,61.859,1.373,57.67,11.71,"D"
24,15.114,65.128,1.477,62.219,12.381,"D"
25,19.348,68.36,0.846,37.608,12.851,"D"
26,17.383,67.442,1.012,44.435,12.87,"D"
27,17.41,64.725,1.064,46.114,12.336,"D"
28,17.805,61.56,1.121,47.929,11.52,"D"
29,19.333,73.983,0.679,31.406,14.708,"D"
30,19.541,72.311,0.693,31.964,14.111,"D"
31,21.808,64.172,0.587,26.95,12.036,"D"
32,19.543,63.72,0.798,35.504,11.982,"D"
33,16.578,67.689,1.142,49.628,13.095,"D"
34,15.481,67.638,1.323,56.602,12.842,"D"
35,19.283,68.569,0.801,36.066,13.056,"D"
36,17.052,66.441,1.097,47.472,12.714,"D"
37,18.816,67.641,0.876,39.06,12.954,"D"
38,21.132,64.305,0.644,29.333,12.04,"D"
39,20.791,71.473,0.599,27.906,13.64,"D"
40,16.905,64.96,1.152,49.568,12.462,"D"
41,19.87,59.873,0.89,38.709,11.185,"D"
42,19.996,65.644,0.733,33.085,12.321,"D"
43,19.741,68.823,0.744,33.829,13.235,"D"
44,19.338,61.23,0.878,38.389,11.391,"D"
45,20.051,63.056,0.786,34.915,11.777,"D"
46,20.067,65.443,0.715,32.32,12.134,"D"
47,18.412,67.875,0.903,40.102,12.869,"D"
48,19.399,65.481,0.792,35.369,12.285,"D"
49,17.544,69.522,0.982,43.373,13.418,"D"
50,14.47,60.415,1.815,73.903,11.579,"D"
51,19.821,71.007,0.678,31.118,13.501,"D"
52,19.163,72.985,0.715,32.927,14.287,"D"
53,17.686,66.321,1.029,44.98,12.73,"D"
54,17.158,65.467,1.195,51.27,12.376,"D"
55,19.156,71.703,0.74,33.828,13.762,"D"
56,19.417,68.688,0.746,33.807,13.051,"D"
57,17.836,68.311,0.926,41.147,12.958,"D"
58,18.148,69.547,0.871,39.032,13.427,"D"
59,20.253,64.344,0.751,33.526,12.116,"D"
60,18.71,60.526,0.947,41.074,11.249,"D"
61,18.219,68.899,0.893,39.812,13.048,"D"
62,18.702,66.448,0.907,40.216,12.774,"D"
63,20.994,69.39,0.599,27.82,13.074,"D"
64,19.621,66.271,0.757,33.975,12.502,"D"
65,20.502,60.258,0.792,34.88,11.161,"D"
66,20.05,69.128,0.678,31.035,13.088,"D"
67,23.47,69.659,0.442,21.056,13.016,"D"
68,21.833,73.366,0.497,23.628,14.331,"D"
69,18.934,64.944,0.905,39.952,12.325,"D"
70,19.226,68.412,0.753,34.125,12.912,"D"
71,18.928,69.386,0.79,35.726,13.242,"D"
72,23.81,69.008,0.446,21.187,12.997,"D"
73,20.628,70.356,0.622,28.819,13.478,"D"
74,20.91,70.919,0.595,27.768,13.711,"D"
75,22.468,68.618,0.511,24.033,12.929,"D"
76,20.649,72.434,0.596,27.847,14.069,"D"
77,21.258,73.506,0.528,25.062,14.237,"D"
78,21.957,68.403,0.532,24.94,12.982,"D"
79,23.423,66.392,0.481,22.532,12.262,"D"
80,23.03,65.421,0.495,23.16,12.11,"D"
81,20.381,65.839,0.688,31.227,12.325,"D"
82,24.234,69.45,0.371,18.059,13.064,"D"
83,22.43,71.51,0.468,22.307,13.58,"D"
84,15.661,68.322,1.257,54.163,13.035,"D"
85,16.87,72.792,1.039,46.024,14.213,"D"
86,19.717,70.788,0.69,31.745,13.7,"D"
87,21.996,64.572,0.559,25.818,11.922,"D"
88,21.732,71.18,0.523,24.689,13.505,"D"
89,24.384,70.874,0.388,18.819,13.54,"D"
90,26.134,74.54,0.277,14.045,14.446,"D"
91,23.404,68.038,0.429,20.493,12.812,"D"
92,23.638,73.612,0.381,18.656,14.153,"D"
93,21.67,71.376,0.511,24.191,13.891,"D"
94,19.204,67.989,0.778,35.046,13.343,"D"
95,21.404,72.016,0.548,25.763,13.802,"D"
96,22.2,72.88,0.475,22.738,14.065,"D"
97,20.243,79.993,0.542,26.062,16.596,"D"
98,22.13,71.072,0.504,23.854,13.786,"D"
99,24.824,73.991,0.325,16.174,14.682,"D"
100,21.363,74.917,0.53,25.159,14.484,"D"
101,24.456,71.66,0.349,17.188,13.782,"D"
102,23.933,70.64,0.383,18.597,13.42,"D"
103,22.22,76.098,0.462,22.286,14.769,"D"
104,22.999,70.561,0.435,20.901,13.477,"D"
105,23.32,72.879,0.406,19.704,14.016,"D"
106,21.463,72.4,0.546,25.781,14.196,"D"
107,23.389,71.174,0.422,20.367,13.571,"D"
108,26.047,75.502,0.291,14.671,14.656,"D"
109,21.265,72.672,0.53,25.074,14.062,"D"
110,23.316,74.179,0.413,20.06,14.555,"D"
111,24.896,77.004,0.314,15.753,15.513,"D"
112,20.955,81.239,0.518,25.004,16.938,"D"
113,23.93,81.057,0.333,16.752,16.608,"D"
114,22.086,74.777,0.458,22.112,14.962,"D"
115,23.285,73.45,0.398,19.453,14.213,"D"
116,26.727,75.633,0.251,12.849,14.625,"D"
117,25.847,75.063,0.271,13.74,14.84,"D"
118,26.806,77.085,0.233,12.068,15.049,"D"
119,24.975,77.517,0.299,15.142,15.629,"D"
120,26.933,72.299,0.256,12.999,13.697,"D"
121,21.747,71.525,0.52,24.606,13.765,"D"
122,25.584,74.52,0.305,15.242,14.25,"D"
123,24.86,77.193,0.311,15.643,15.148,"D"
124,28.773,77.922,0.174,9.301,15.359,"D"
125,28.123,75.951,0.198,10.393,14.813,"D"
126,25.71,78.08,0.261,13.4,15.315,"D"
127,23.274,80.48,0.358,17.949,16.572,"D"
128,23.55,80.747,0.366,18.257,16.652,"D"
129,25.787,74.517,0.276,13.982,14.844,"D"
130,25.703,76.834,0.276,13.985,15.358,"D"
131,27.701,80.679,0.194,10.283,16.918,"D"
132,26.471,81.359,0.225,11.839,16.745,"D"
133,26.813,81.936,0.215,11.369,16.901,"D"
134,27.343,78.71,0.211,11.08,15.744,"D"
135,23.653,80.753,0.334,16.832,17.174,"D"
136,26.83,81.312,0.224,11.757,17.36,"D"
137,24.74,75.727,0.31,15.573,14.864,"D"
138,24.755,77.166,0.317,15.905,15.361,"D"
139,26.728,80.86,0.241,12.476,16.329,"D"
140,31.349,81.189,0.12,6.717,16.5,"D"
141,24.773,77.378,0.306,15.433,15.386,"D"
142,22.933,77.359,0.392,19.289,15.365,"D"
143,24.835,72.529,0.327,16.201,13.811,"D"
144,27.919,79.612,0.203,10.69,16.107,"D"
145,26.034,77.76,0.254,13.066,15.525,"D"
146,26.442,75.421,0.247,12.673,14.47,"D"
147,26.961,74.824,0.242,12.417,14.513,"D"
148,28.035,77.492,0.198,10.396,15.187,"D"
149,26.379,79.959,0.24,12.457,15.98,"D"
150,26.809,81.352,0.237,12.309,16.552,"D"
151,31.036,86.02,0.127,7.087,18.827,"D"
152,28.203,83.252,0.173,9.346,18.077,"D"
153,29.214,76.754,0.169,9.003,14.825,"D"
154,29.809,80.577,0.15,8.151,16.206,"D"
155,26.36,86.159,0.218,11.602,19.185,"D"
156,26.716,82.8,0.233,12.189,17.5,"D"
157,30.263,81.329,0.142,7.792,16.627,"D"
158,31.31,78.942,0.125,6.918,15.522,"D"
159,28.851,84.234,0.16,8.739,18.227,"D"
160,25.465,77.66,0.274,14.022,15.324,"D"
161,29.7,79.718,0.166,8.887,16.031,"D"
162,29.112,76.98,0.171,9.122,15,"D"
163,26.612,78.478,0.232,12.052,15.843,"D"
164,29.668,78.822,0.159,8.566,15.597,"D"
165,29.273,79.906,0.163,8.787,15.882,"D"
166,30.63,79.76,0.138,7.592,16.059,"D"
167,28.417,84.717,0.165,8.994,18.056,"D"
168,27.47,75.588,0.229,11.875,15.45,"D"
169,29.205,75.031,0.179,9.493,14.312,"D"
170,27.718,79.313,0.199,10.507,15.843,"D"
171,24.843,81.767,0.297,15.155,17.469,"D"
172,27.493,80.846,0.202,10.716,16.836,"D"
173,28.61,86.75,0.156,8.554,18.774,"D"
174,27.665,81.041,0.198,10.526,17.166,"D"
175,26.427,87.831,0.219,11.629,19.65,"D"
176,27.475,87.932,0.181,9.804,19.901,"D"
177,26.805,80.983,0.217,11.41,16.782,"D"
178,27.009,89.474,0.188,10.19,20.323,"D"
179,28.613,82.572,0.167,9.059,17.191,"D"
180,28.414,82.977,0.171,9.25,17.761,"D"
181,29.51,79.185,0.16,8.649,15.825,"D"
182,29.056,76.077,0.175,9.322,14.726,"D"
183,28.594,81.733,0.179,9.59,16.644,"D"
184,29.44,87.681,0.143,7.896,19.521,"D"
185,26.21,82.055,0.238,12.401,17.382,"D"
186,28.247,79.502,0.203,10.673,15.934,"D"
187,28.795,82.284,0.165,8.933,17.182,"D"
188,29.794,83.523,0.142,7.831,17.96,"D"
189,28.713,90.204,0.146,8.131,20.784,"D"
190,29.371,81.922,0.155,8.459,17.245,"D"
191,32.713,83.245,0.101,5.725,16.802,"D"
192,29.977,78.652,0.154,8.251,16.457,"D"
193,30.05,82.651,0.141,7.759,16.897,"D"
194,30.197,82.922,0.136,7.504,16.999,"D"
195,31.737,79.42,0.117,6.517,16.207,"D"
196,28.713,80.807,0.169,9.088,16.908,"D"
197,31.834,75.902,0.124,6.807,14.858,"D"
198,31.444,82.797,0.114,6.397,17.236,"D"
199,26.637,88.494,0.196,10.551,19.982,"D"
200,28.173,83.394,0.183,9.829,17.34,"D"
201,26.33,78.997,0.246,12.716,15.869,"D"
202,26.95,80.062,0.214,11.246,16.813,"D"
203,27.471,80.359,0.197,10.478,16.165,"D"
204,30.363,83.245,0.144,7.893,17.434,"D"
205,29.851,77.528,0.155,8.384,15.664,"D"
206,29.266,75.57,0.169,9.016,14.467,"D"
207,30.021,80.706,0.148,8.09,16.124,"D"
208,28.78,80.777,0.168,9.073,16.551,"D"
209,31.736,83.493,0.124,6.872,17.409,"D"
210,27.627,75.854,0.216,11.232,14.745,"D"
211,27.705,78.676,0.209,10.962,15.685,"D"
212,27.996,78.635,0.191,10.079,15.847,"D"
213,28.605,83.031,0.175,9.408,17.388,"D"
214,33.814,82.932,0.088,5.051,17.146,"D"
215,29.876,79.24,0.149,8.075,15.959,"D"
216,28.896,79.72,0.167,8.989,16.356,"D"
217,28.738,77.531,0.18,9.518,15.43,"D"
218,28.431,77.431,0.191,10.066,15,"D"
219,28.561,76.406,0.198,10.401,14.797,"D"
220,28.695,77.375,0.178,9.492,15.112,"D"
221,27.186,82.34,0.206,10.911,17.011,"D"
222,30.326,83.185,0.137,7.573,17.095,"D"
223,30.158,79.746,0.141,7.707,16.262,"D"
224,31.27,76.312,0.132,7.232,14.69,"D"
225,29.801,76.572,0.162,8.702,14.862,"D"
226,26.894,82.216,0.213,11.236,16.857,"D"
227,27.627,81.183,0.195,10.34,17.107,"D"
228,25.07,88.103,0.248,13.101,20.1,"D"
229,27.881,81.936,0.198,10.54,17.458,"D"
230,27.152,72.322,0.242,12.374,13.823,"D"
231,25.796,75.182,0.27,13.721,14.544,"D"
232,27.124,78.041,0.232,12.023,15.4,"D"
233,28.924,79.125,0.168,9.04,15.755,"D"
234,27.485,85.653,0.186,10.024,18.901,"D"
235,30.028,84.23,0.138,7.639,18.042,"D"
236,30.456,76.552,0.146,7.917,15.063,"D"
237,25.301,81.819,0.271,13.954,16.984,"D"
238,27.368,78.897,0.212,11.112,15.81,"D"
239,27.158,84.125,0.208,11.036,17.709,"D"
240,25.846,77.518,0.265,13.521,16.331,"D"
241,26.563,77.682,0.236,12.232,15.194,"D"
242,29.013,80.065,0.167,8.992,16.374,"D"
243,26.737,77.086,0.238,12.278,15.453,"D"
244,28.084,73.665,0.219,11.253,13.914,"D"
245,27.727,77.482,0.204,10.71,15.89,"D"
246,26.47,75.978,0.243,12.493,14.864,"D"
247,25.931,69.369,0.302,14.99,13.035,"D"
248,27.062,79.937,0.239,12.387,16.349,"D"
249,28.198,74.019,0.204,10.646,14.338,"D"
250,25.936,74.272,0.285,14.337,14.642,"D"
251,23.822,80.197,0.34,17.067,16.521,"D"
252,26.029,75.626,0.262,13.39,14.535,"D"
253,24.935,77.002,0.304,15.319,15.366,"D"
254,27.079,67.632,0.276,13.713,12.421,"D"
255,27.522,80.741,0.202,10.68,16.272,"D"
256,29.85,81.364,0.152,8.279,16.889,"D"
257,27.513,82.671,0.2,10.632,17.291,"D"
258,29.578,80.493,0.157,8.496,16.223,"D"
259,26.617,78.533,0.233,12.121,16.23,"D"
260,25.788,77.959,0.279,14.177,15.248,"D"
261,27.431,76.377,0.229,11.855,15.308,"D"
262,26.897,77.553,0.229,11.9,15.584,"D"
263,26.965,78.595,0.239,12.358,15.472,"D"
264,26.119,80.448,0.241,12.531,16.375,"D"
265,27.575,77.195,0.212,11.089,15.436,"D"
266,28.591,74.663,0.191,10.016,14.399,"D"
267,24.948,72.633,0.323,16.046,14.038,"D"
268,25.774,77.741,0.296,14.927,15.405,"D"
269,29.38,78.534,0.163,8.795,15.443,"D"
270,27.812,78.331,0.205,10.803,15.816,"D"
271,27.206,71.574,0.241,12.29,13.385,"D"
272,23.819,77.095,0.349,17.355,15.299,"D"
273,22.703,70.112,0.474,22.528,13.194,"D"
274,24.308,73.394,0.363,17.814,14.001,"D"
275,26.034,67.745,0.316,15.52,12.549,"D"
276,22.491,76.82,0.416,20.346,15.003,"D"
277,19.731,77.764,0.597,28.281,15.694,"D"
278,23.929,76.4,0.371,18.315,15.121,"D"
279,26.276,75.369,0.257,13.155,14.788,"D"
280,25.27,67.867,0.345,16.782,12.579,"D"
281,21.414,70.975,0.556,26.114,13.711,"D"
282,23.252,72.531,0.403,19.588,14.05,"D"
283,21.884,66.405,0.555,25.751,12.466,"D"
284,25.744,71.603,0.307,15.295,13.882,"D"
285,24.974,74.735,0.321,16.016,14.366,"D"
286,23.498,66.219,0.452,21.288,12.297,"D"
287,24.924,68.327,0.366,17.775,12.856,"D"
288,24.742,74.417,0.318,15.886,14.182,"D"
289,23.242,74.686,0.416,20.231,14.93,"D"
290,22.617,68.532,0.484,22.705,13.124,"D"
291,21.538,73.475,0.557,26.144,14.104,"D"
292,22.717,72.943,0.434,20.983,14.291,"D"
293,24.298,74.727,0.341,16.948,14.458,"D"
294,24.908,70.725,0.346,16.999,13.431,"D"
295,24.005,77.69,0.338,16.881,15.313,"D"
296,21.25,73.838,0.522,24.806,14.466,"D"
297,21.741,64.464,0.577,26.578,11.967,"D"
298,22.347,66.38,0.548,25.444,12.377,"D"
299,21.988,65.557,0.559,25.671,12.372,"D"
300,21.25,67.667,0.585,27.117,12.712,"D"
301,22.5,67.447,0.532,24.674,12.484,"D"
302,25.388,67.698,0.336,16.387,12.677,"D"
303,23.598,74.165,0.388,18.963,14.4,"D"
304,24.862,70.56,0.351,17.246,13.368,"D"
305,24.732,69.599,0.366,17.76,13.185,"D"
306,21.929,68.665,0.54,25.305,12.961,"D"
307,24.838,73.322,0.336,16.645,13.927,"D"
308,22.829,74.299,0.416,20.254,14.514,"D"
309,20.628,72.847,0.583,27.382,14.348,"D"
310,21.805,73.622,0.484,23.167,14.353,"D"
311,25.659,74.199,0.29,14.596,14.542,"D"
312,20.809,68.286,0.617,28.453,13.105,"D"
313,19.409,62.315,0.832,36.729,11.635,"D"
314,19.79,69.252,0.715,32.573,13.057,"D"
315,21.781,70.508,0.514,24.226,13.737,"D"
316,19.998,70.837,0.667,30.693,13.537,"D"
317,20.551,69.952,0.636,29.403,13.389,"D"
318,21.066,63.821,0.654,29.662,12.078,"D"
319,21.414,68.638,0.588,27.238,12.999,"D"
320,22.402,68.396,0.486,22.928,12.953,"D"
321,20.582,75.497,0.559,26.512,14.798,"D"
322,19.919,69.24,0.742,33.671,13.286,"D"
323,23.483,65.172,0.469,22.041,12.093,"D"
324,19.777,69.48,0.686,31.468,13.168,"D"
325,22.971,67.146,0.545,25.333,12.793,"D"
326,23.827,63.285,0.456,21.318,11.729,"D"
327,22.18,67.575,0.514,24.067,12.786,"D"
328,19.421,66.609,0.778,34.944,12.821,"D"
329,17.702,68.932,0.951,42.143,13.179,"D"
330,21.13,73.651,0.554,26.17,14.225,"D"
331,19.972,70.671,0.69,31.63,13.527,"D"
332,20.657,72.624,0.581,27.278,14.134,"D"
333,20.45,68.812,0.637,29.346,13.201,"D"
334,18.273,66.845,0.906,40.152,12.59,"D"
335,16.696,69.806,1.11,48.454,13.277,"D"
336,18.02,70.626,0.882,39.579,13.67,"D"
337,20.035,66.804,0.753,33.936,12.729,"D"
338,16.981,64.527,1.156,49.419,12.311,"D"
339,17.318,61.987,1.17,49.903,11.562,"D"
340,17.216,56.361,1.442,58.747,10.455,"D"
341,19.25,69.871,0.749,33.924,13.457,"D"
342,20.462,69.167,0.675,30.873,13.148,"D"
343,20.491,68.666,0.672,30.765,12.985,"D"
344,18.091,71.444,0.851,38.395,13.817,"D"
345,17.565,67.059,1.03,45.084,12.664,"D"
346,18.422,66.008,0.941,41.475,12.52,"D"
347,18.94,61.174,0.96,41.508,11.413,"D"
348,17.889,66.587,1.042,45.361,12.546,"D"
349,17.518,65.623,1.055,45.926,12.429,"D"
350,19.161,65.158,0.821,36.564,12.21,"D"
351,18.382,63.888,0.97,42.302,11.912,"D"
352,21.234,60.997,0.696,31.211,11.43,"D"
353,20.29,64.184,0.717,32.315,11.97,"D"
354,18.356,66.157,0.895,39.563,12.477,"D"
355,17.307,70.29,1.011,44.767,13.672,"D"
356,16.971,70.888,1.031,45.547,13.811,"D"
357,18.023,66.958,0.936,41.316,13.034,"D"
358,18.156,65.186,0.957,42.008,12.292,"D"
359,21.022,64.972,0.654,29.805,12.206,"D"
360,20.007,65.489,0.716,32.316,12.304,"D"
361,18.197,64.641,0.976,42.606,12.191,"D"
362,18.6,65.654,0.878,38.89,12.358,"D"
363,18.305,64.081,0.97,42.367,11.964,"D"
364,17.622,67.121,1.01,44.226,12.633,"D"
365,19.07,71.065,0.772,34.999,13.485,"D"
