"Tset","RHset","kWh_cool","kWh_heat","LM","PI","EMC","LIM","mould_margin","dp"
18,40,32217.9824,28.7259,1.7717,67.3311,7.7614,76.3373,36.3373,4.1948
18.5,40,31275.64,40.9885,1.6506,63.1598,7.752,76.1405,36.1405,4.6433
19,40,30325.8842,58.3448,1.5381,59.2599,7.7424,75.9555,35.9555,5.0916
19.5,40,29370.2849,82.6791,1.4336,55.6129,7.7325,75.7817,35.7817,5.5399
20,40,28409.0748,114.5449,1.3365,52.2017,7.7224,75.6188,35.6188,5.9881
20.5,40,27443.4567,155.4734,1.2464,49.0102,7.712,75.4662,35.4662,6.4362
21,40,26476.6504,209.0193,1.1625,46.0238,7.7014,75.3236,35.3236,6.8842
21.5,40,25509.0407,275.9101,1.0846,43.2286,7.6905,75.1907,35.1907,7.3322
22,40,24543.0626,358.9307,1.0121,40.6117,7.6795,75.0671,35.0671,7.78
22.5,40,23580.0539,459.7766,0.9447,38.1613,7.6681,74.9524,34.9524,8.2277
23,40,22621.1134,579.912,0.882,35.8663,7.6566,74.8465,34.8465,8.6754
23.5,40,21669.3219,722.7909,0.8237,33.7164,7.6448,74.749,34.749,9.1229
24,40,20727.6687,891.7841,0.7693,31.7019,7.6328,74.6597,34.6597,9.5704
24.5,40,19799.9522,1091.0796,0.7188,29.814,7.6206,74.5784,34.5784,10.0178
25,40,18887.4179,1322.3211,0.6717,28.0442,7.6082,74.5048,34.5048,10.4651
25.5,40,17992.4296,1588.279,0.6278,26.385,7.5955,74.4387,34.4387,10.9123
26,40,17117.2605,1891.6422,0.5869,24.8289,7.5827,74.3801,34.3801,11.3594
26.5,40,16260.1893,2231.1139,0.5488,23.3694,7.5696,74.3287,34.3287,11.8064
27,40,15420.7306,2606.6424,0.5133,22.0001,7.5563,74.2844,34.2844,12.2533
27.5,40,14597.5415,3017.3279,0.4803,20.7152,7.5429,74.2471,34.2471,12.7002
28,40,13794.0575,3467.0588,0.4494,19.5092,7.5292,74.2167,34.2167,13.1469
18,41,31885.4125,32.5157,1.7157,65.6889,7.914,76.3373,35.3373,4.5476
18.5,41,30933.7372,46.4855,1.5984,61.6193,7.9044,76.1405,35.1405,4.9974
19,41,29975.2587,66.4832,1.4895,57.8145,7.8945,75.9555,34.9555,5.4471
19.5,41,29010.9584,93.8132,1.3883,54.2565,7.8844,75.7817,34.7817,5.8966
20,41,28040.9275,128.8963,1.2943,50.9285,7.874,75.6188,34.6188,6.3461
20.5,41,27067.9123,174.8158,1.207,47.8149,7.8634,75.4662,34.4662,6.7955
21,41,26093.3885,233.392,1.1258,44.9013,7.8526,75.3236,34.3236,7.2448
21.5,41,25119.8236,307.4442,1.0503,42.1742,7.8415,75.1907,34.1907,7.694
22,41,24147.9391,398.0534,0.9802,39.6212,7.8302,75.0671,34.0671,8.1432
22.5,41,23179.5085,507.3607,0.9149,37.2305,7.8186,74.9524,33.9524,8.5922
23,41,22216.3185,637.5281,0.8542,34.9915,7.8068,74.8465,33.8465,9.0412
23.5,41,21261.7949,792.3652,0.7976,32.894,7.7948,74.749,33.749,9.49
24,41,20319.1415,975.4678,0.745,30.9287,7.7826,74.6597,33.6597,9.9388
24.5,41,19390.9584,1189.8364,0.6961,29.0868,7.7701,74.5784,33.5784,10.3875
25,41,18479.6698,1438.3046,0.6505,27.3602,7.7574,74.5048,33.5048,10.8361
25.5,41,17587.2289,1723.2435,0.608,25.7414,7.7445,74.4387,33.4387,11.2846
26,41,16714.306,2045.7508,0.5684,24.2234,7.7314,74.3801,33.3801,11.733
26.5,41,15859.7492,2405.1112,0.5315,22.7994,7.7181,74.3287,33.3287,12.1813
27,41,15021.5913,2799.8035,0.4971,21.4635,7.7046,74.2844,33.2844,12.6296
27.5,41,14201.9358,3232.3867,0.4651,20.21,7.6908,74.2471,33.2471,13.0777
28,41,13401.1309,3703.6748,0.4352,19.0334,7.6769,74.2167,33.2167,13.5258
18,42,31553.2403,36.8416,1.6628,64.1249,8.0668,76.3373,34.3373,4.893
18.5,42,30592.4757,52.7711,1.5491,60.1522,8.057,76.1405,34.1405,5.344
19,42,29625.4,75.5454,1.4435,56.438,8.0469,75.9555,33.9555,5.7949
19.5,42,28652.3391,105.8217,1.3455,52.9647,8.0366,75.7817,33.7817,6.2457
20,42,27673.9644,144.61,1.2544,49.7159,8.026,75.6188,33.6188,6.6965
20.5,42,26694.0466,196.0269,1.1698,46.6764,8.0152,75.4662,33.4662,7.1471
21,42,25712.5744,260.4148,1.0911,43.8322,8.0041,75.3236,33.3236,7.5977
21.5,42,24732.6522,341.2393,1.0179,41.17,7.9927,75.1907,33.1907,8.0482
22,42,23755.5115,440.1012,0.9499,38.6778,7.9812,75.0671,33.0671,8.4986
22.5,42,22781.9971,558.2226,0.8867,36.3441,7.9694,74.9524,32.9524,8.9489
23,42,21815.2118,699.092,0.8278,34.1584,7.9573,74.8465,32.8465,9.3991
23.5,42,20858.586,866.5337,0.773,32.1108,7.9451,74.749,32.749,9.8493
24,42,19915.5728,1064.4036,0.7221,30.1923,7.9326,74.6597,32.6597,10.2993
24.5,42,18987.9162,1294.857,0.6746,28.3943,7.9199,74.5784,32.5784,10.7493
25,42,18078.219,1560.9172,0.6304,26.7088,7.9069,74.5048,32.5048,11.1992
25.5,42,17188.6736,1865.2062,0.5892,25.1285,7.8938,74.4387,32.4387,11.649
26,42,16317.9176,2206.8005,0.5509,23.6466,7.8804,74.3801,32.3801,12.0987
26.5,42,15465.4207,2585.6185,0.5151,22.2566,7.8668,74.3287,32.3287,12.5483
27,42,14629.5175,3000.4532,0.4818,20.9525,7.8531,74.2844,32.2844,12.9978
27.5,42,13813.8477,3455.4125,0.4507,19.7288,7.8391,74.2471,32.2471,13.4473
28,42,13015.4986,3948.0625,0.4218,18.5802,7.8249,74.2167,32.2167,13.8966
18,43,31221.5837,41.8213,1.6127,62.6336,8.2202,76.3373,33.3373,5.2311
18.5,43,30251.9803,59.9702,1.5024,58.7533,8.2101,76.1405,33.1405,5.6833
19,43,29276.2414,85.4649,1.4001,55.1255,8.1998,75.9555,32.9555,6.1355
19.5,43,28294.594,118.872,1.305,51.7329,8.1892,75.7817,32.7817,6.5876
20,43,27308.6864,162.1873,1.2166,48.5597,8.1784,75.6188,32.6188,7.0395
20.5,43,26321.3792,218.6264,1.1345,45.5909,8.1673,75.4662,32.4662,7.4914
21,43,25333.9272,289.8068,1.0582,42.8128,8.156,75.3236,32.3236,7.9433
21.5,43,24348.1121,377.8811,0.9873,40.2126,8.1444,75.1907,32.1907,8.395
22,43,23365.486,484.7803,0.9213,37.7783,8.1326,75.0671,32.0671,8.8466
22.5,43,22387.7805,612.6234,0.86,35.4989,8.1206,74.9524,31.9524,9.2982
23,43,21418.1849,764.9953,0.8029,33.364,8.1083,74.8465,31.8465,9.7497
23.5,43,20460.1745,945.7759,0.7497,31.3641,8.0958,74.749,31.749,10.2011
24,43,19517.0942,1158.7233,0.7003,29.4902,8.083,74.6597,31.6597,10.6524
24.5,43,18590.6837,1405.9997,0.6543,27.7339,8.0701,74.5784,31.5784,11.1036
25,43,17683.3053,1690.3992,0.6114,26.0877,8.0569,74.5048,31.5048,11.5547
25.5,43,16796.2546,2013.6583,0.5715,24.5442,8.0435,74.4387,31.4387,12.0058
26,43,15928.0593,2374.7556,0.5343,23.0967,8.0298,74.3801,31.3801,12.4568
26.5,43,15076.8802,2772.3127,0.4996,21.739,8.016,74.3287,31.3287,12.9077
27,43,14244.5444,3208.6273,0.4673,20.4652,8.002,74.2844,31.2844,13.3585
27.5,43,13431.7278,3684.8566,0.4372,19.27,7.9877,74.2471,31.2471,13.8092
28,43,12636.5809,4199.6427,0.4091,18.1481,7.9732,74.2167,31.2167,14.2598
18,44,30890.2201,47.2325,1.5652,61.2101,8.3741,76.3373,32.3373,5.5624
18.5,44,29912.2387,68.0707,1.4582,57.418,8.3638,76.1405,32.1405,6.0158
19,44,28928.072,96.5308,1.3588,53.8726,8.3533,75.9555,31.9555,6.4692
19.5,44,27937.8766,133.1175,1.2665,50.5572,8.3425,75.7817,31.7817,6.9224
20,44,26945.0951,181.6298,1.1808,47.4561,8.3314,75.6188,31.6188,7.3756
20.5,44,25950.4739,243.178,1.1011,44.5548,8.3201,75.4662,31.4662,7.8288
21,44,24957.2345,321.3558,1.0271,41.8398,8.3085,75.3236,31.3236,8.2818
21.5,44,23965.9702,417.1368,0.9582,39.2987,8.2967,75.1907,31.1907,8.7347
22,44,22978.3842,532.6128,0.8942,36.9197,8.2846,75.0671,31.0671,9.1876
22.5,44,21996.8447,670.5492,0.8346,34.6921,8.2723,74.9524,30.9524,9.6404
23,44,21025.3036,835.3041,0.7792,32.6057,8.2598,74.8465,30.8465,10.0931
23.5,44,20066.6641,1030.1956,0.7277,30.6513,8.247,74.749,30.749,10.5457
24,44,19123.7657,1258.4872,0.6797,28.8199,8.234,74.6597,30.6597,10.9983
24.5,44,18199.1339,1523.1379,0.635,27.1036,8.2208,74.5784,30.5784,11.4507
25,44,17294.6538,1826.4759,0.5934,25.4948,8.2074,74.5048,30.5048,11.9031
25.5,44,16409.8679,2168.4962,0.5546,23.9863,8.1937,74.4387,30.4387,12.3554
26,44,15544.0592,2548.9447,0.5185,22.5718,8.1798,74.3801,30.3801,12.8076
26.5,44,14695.0461,2966.1125,0.4849,21.2449,8.1657,74.3287,30.3287,13.2597
27,44,13866.7234,3424.3778,0.4535,20.0001,8.1514,74.2844,30.2844,13.7118
27.5,44,13056.4402,3921.5835,0.4243,18.832,8.1369,74.2471,30.2471,14.1637
28,44,12264.7103,4458.7485,0.397,17.7357,8.1222,74.2167,30.2167,14.6156
18,45,30559.5075,53.433,1.5202,59.8499,8.5288,76.3373,31.3373,5.887
18.5,45,29573.1476,76.9693,1.4162,56.1421,8.5183,76.1405,31.1405,6.3416
19,45,28580.4818,108.3332,1.3197,52.6755,8.5075,75.9555,30.9555,6.7962
19.5,45,27582.4513,148.8228,1.2301,49.4337,8.4965,75.7817,30.7817,7.2507
20,45,26582.8293,202.5764,1.1468,46.4015,8.4852,75.6188,30.6188,7.7051
20.5,45,25581.9372,270.2887,1.0694,43.5647,8.4736,75.4662,30.4662,8.1594
21,45,24582.5974,355.1632,0.9975,40.91,8.4618,75.3236,30.3236,8.6136
21.5,45,23586.2857,459.0656,0.9306,38.4254,8.4497,75.1907,30.1907,9.0677
22,45,22594.225,583.6174,0.8684,36.0993,8.4374,75.0671,30.0671,9.5218
22.5,45,21609.8135,732.6242,0.8106,33.9212,8.4249,74.9524,29.9524,9.9758
23,45,20636.3943,909.8451,0.7568,31.8812,8.4121,74.8465,29.8465,10.4297
23.5,45,19678.0807,1119.8191,0.7067,29.9701,8.3991,74.749,29.749,10.8835
24,45,18736.3446,1364.453,0.6601,28.1795,8.3858,74.6597,29.6597,11.3373
24.5,45,17813.7042,1646.7093,0.6167,26.5013,8.3723,74.5784,29.5784,11.7909
25,45,16912.0761,1968.9593,0.5763,24.9282,8.3586,74.5048,29.5048,12.2445
25.5,45,16029.8233,2330.0301,0.5387,23.4533,8.3447,74.4387,29.4387,12.698
26,45,15165.4535,2728.9042,0.5036,22.0702,8.3306,74.3801,29.3801,13.1515
26.5,45,14319.8563,3166.9562,0.4709,20.7728,8.3162,74.3287,29.3287,13.6048
27,45,13494.7097,3646.36,0.4405,19.5557,8.3016,74.2844,29.2844,14.0581
27.5,45,12687.5323,4165.1412,0.4121,18.4135,8.2868,74.2471,29.2471,14.5112
28,45,11899.5486,4725.0421,0.3856,17.3415,8.2718,74.2167,29.2167,14.9644
18,46,30229.4932,60.4704,1.4773,58.5488,8.6845,76.3373,30.3373,6.2054
18.5,46,29234.7702,86.7294,1.3763,54.9216,8.6737,76.1405,30.1405,6.6612
19,46,28233.8061,121.2076,1.2825,51.5304,8.6627,75.9555,29.9555,7.1169
19.5,46,27228.647,166.3169,1.1954,48.3591,8.6514,75.7817,29.7817,7.5725
20,46,26221.8217,224.9601,1.1145,45.3928,8.6399,75.6188,29.6188,8.0281
20.5,46,25215.2868,299.476,1.0393,42.6176,8.6281,75.4662,29.4662,8.4836
21,46,24210.4577,391.6706,0.9694,40.0207,8.616,75.3236,29.3236,8.939
21.5,46,23209.1018,503.7111,0.9044,37.59,8.6037,75.1907,29.1907,9.3943
22,46,22213.2011,637.9874,0.844,35.3145,8.5911,75.0671,29.0671,9.8495
22.5,46,21226.5096,798.671,0.7878,33.1837,8.5783,74.9524,28.9524,10.3047
23,46,20252.5277,989.6892,0.7355,31.1881,8.5653,74.8465,28.8465,10.7598
23.5,46,19294.0682,1214.2905,0.6868,29.3186,8.552,74.749,28.749,11.2148
24,46,18354.0601,1475.8499,0.6415,27.5669,8.5385,74.6597,28.6597,11.6697
24.5,46,17434.2272,1776.5468,0.5993,25.9252,8.5247,74.5784,28.5784,12.1246
25,46,16535.0032,2117.2806,0.5601,24.3863,8.5108,74.5048,28.5048,12.5794
25.5,46,15655.4782,2497.6176,0.5235,22.9435,8.4966,74.4387,28.4387,13.0341
26,46,14793.0314,2915.4237,0.4894,21.5904,8.4822,74.3801,28.3801,13.4887
26.5,46,13951.4668,3375.0002,0.4577,20.3212,8.4675,74.3287,28.3287,13.9432
27,46,13128.9243,3874.9956,0.4281,19.1305,8.4527,74.2844,28.2844,14.3977
27.5,46,12325.2122,4415.7381,0.4005,18.0132,8.4376,74.2471,28.2471,14.8521
28,46,11541.0368,4998.4653,0.3747,16.9646,8.4224,74.2167,28.2167,15.3064
18,47,29900.2072,68.3747,1.4366,57.3031,8.8413,76.3373,29.3373,6.5176
18.5,47,28897.3084,97.5528,1.3384,53.753,8.8303,76.1405,29.1405,6.9746
19,47,27888.0863,135.1955,1.2472,50.434,8.819,75.9555,28.9555,7.4315
19.5,47,26876.3774,185.5136,1.1625,47.3301,8.8075,75.7817,28.7817,7.8882
20,47,25862.7243,249.4328,1.0838,44.427,8.7957,75.6188,28.6188,8.345
20.5,47,24850.4779,330.6954,1.0106,41.7108,8.7836,75.4662,28.4662,8.8016
21,47,23840.6588,430.722,0.9427,39.1692,8.7713,75.3236,28.3236,9.2581
21.5,47,22834.6194,551.274,0.8795,36.7903,8.7587,75.1907,28.1907,9.7146
22,47,21835.4453,695.8554,0.8207,34.5631,8.7459,75.0671,28.0671,10.171
22.5,47,20846.9877,868.7449,0.766,32.4777,8.7328,74.9524,27.9524,10.6274
23,47,19873.0293,1074.162,0.7152,30.5245,8.7195,74.8465,27.8465,11.0836
23.5,47,18915.5894,1314.5728,0.6679,28.6948,8.706,74.749,27.749,11.5398
24,47,17977.3674,1593.1336,0.6238,26.9804,8.6922,74.6597,27.6597,11.9959
24.5,47,17060.7764,1912.7241,0.5828,25.3736,8.6782,74.5784,27.5784,12.4519
25,47,16164.0301,2272.0353,0.5446,23.8674,8.664,74.5048,27.5048,12.9078
25.5,47,15286.1727,2670.5994,0.5091,22.4553,8.6495,74.4387,27.4387,13.3637
26,47,14426.8902,3108.6009,0.4759,21.131,8.6348,74.3801,27.3801,13.8195
26.5,47,13588.9763,3589.3437,0.445,19.8889,8.6199,74.3287,27.3287,14.2752
27,47,12769.3139,4110.2317,0.4163,18.7235,8.6048,74.2844,27.2844,14.7308
27.5,47,11969.3569,4673.2518,0.3894,17.63,8.5895,74.2471,27.2471,15.1864
28,47,11188.5381,5278.3815,0.3644,16.6036,8.5739,74.2167,27.2167,15.6419
18,48,29571.5178,77.0144,1.3978,56.1093,8.9993,76.3373,28.3373,6.8241
18.5,48,28560.3699,109.0475,1.3022,52.6332,8.988,76.1405,28.1405,7.2822
19,48,27543.6802,150.6547,1.2135,49.3833,8.9765,75.9555,27.9555,7.7402
19.5,48,26525.2836,206.0541,1.1311,46.3441,8.9647,75.7817,27.7817,8.1981
20,48,25505.7106,276.1682,1.0545,43.5014,8.9527,75.6188,27.6188,8.6559
20.5,48,24487.8025,364.2389,0.9833,40.8419,8.9404,75.4662,27.4662,9.1137
21,48,23472.9929,472.1093,0.9172,38.3532,8.9278,75.3236,27.3236,9.5714
21.5,48,22463.0147,601.931,0.8557,36.0238,8.915,75.1907,27.1907,10.029
22,48,21461.326,757.5902,0.7985,33.8431,8.9019,75.0671,27.0671,10.4865
22.5,48,20471.7708,943.3687,0.7454,31.8011,8.8886,74.9524,26.9524,10.944
23,48,19498.0363,1163.401,0.6959,29.8886,8.875,74.8465,26.8465,11.4014
23.5,48,18542.0342,1420.0563,0.6498,28.097,8.8612,74.749,26.749,11.8587
24,48,17606.5568,1716.5945,0.607,26.4183,8.8472,74.6597,26.6597,12.316
24.5,48,16692.4726,2054.3623,0.5671,24.845,8.8329,74.5784,26.5784,12.7731
25,48,15798.5439,2432.6107,0.5299,23.3702,8.8184,74.5048,26.5048,13.2302
25.5,48,14922.4772,2849.5459,0.4953,21.9875,8.8037,74.4387,26.4387,13.6872
26,48,14067.1469,3308.5534,0.4631,20.6908,8.7887,74.3801,26.3801,14.1442
26.5,48,13231.8833,3809.4856,0.433,19.4745,8.7735,74.3287,26.3287,14.601
27,48,12415.7716,4351.9619,0.405,18.3334,8.7581,74.2844,26.2844,15.0578
27.5,48,11619.7137,4937.4302,0.3789,17.2627,8.7425,74.2471,26.2471,15.5145
28,48,10842.1892,5564.9283,0.3546,16.2577,8.7267,74.2167,26.2167,15.9712
18,49,29243.4964,86.4609,1.3609,54.9642,9.1587,76.3373,27.3373,7.125
18.5,49,28224.3166,121.5753,1.2678,51.559,9.1472,76.1405,27.1405,7.5842
19,49,27200.7714,167.7689,1.1814,48.3754,9.1355,75.9555,26.9555,8.0433
19.5,49,26175.3977,227.9706,1.1012,45.3983,9.1234,75.7817,26.7817,8.5023
20,49,25150.4706,304.8565,1.0266,42.6136,9.1111,75.6188,26.6188,8.9612
20.5,49,24127.3246,400.1709,0.9573,40.0084,9.0986,75.4662,26.4662,9.4201
21,49,23107.8922,516.2651,0.893,37.5704,9.0857,75.3236,26.3236,9.8789
21.5,49,22094.3092,655.7036,0.8331,35.2886,9.0726,75.1907,26.1907,10.3377
22,49,21090.9038,823.2526,0.7774,33.1524,9.0593,75.0671,26.0671,10.7963
22.5,49,20100.9174,1022.6013,0.7257,31.1521,9.0457,74.9524,25.9524,11.2549
23,49,19127.6144,1257.4722,0.6775,29.2786,9.0319,74.8465,25.8465,11.7134
23.5,49,18173.6828,1531.0213,0.6327,27.5236,9.0178,74.749,25.749,12.1719
24,49,17241.2869,1845.8916,0.5909,25.8791,9.0035,74.6597,25.6597,12.6302
24.5,49,16329.7132,2201.8591,0.5521,24.3379,8.989,74.5784,25.5784,13.0885
25,49,15438.0327,2598.4952,0.5159,22.8933,8.9742,74.5048,25.5048,13.5467
25.5,49,14564.6766,3034.7426,0.4822,21.5388,8.9592,74.4387,25.4387,14.0049
26,49,13713.3367,3514.8164,0.4508,20.2685,8.944,74.3801,25.3801,14.4629
26.5,49,12880.9432,4036.1817,0.4216,19.0771,8.9285,74.3287,25.3287,14.921
27,49,12068.4841,4600.3733,0.3943,17.9593,8.9128,74.2844,25.2844,15.3789
27.5,49,11275.8982,5207.8893,0.3689,16.9104,8.8969,74.2471,25.2471,15.8367
28,49,10501.8322,5857.9481,0.3452,15.9259,8.8809,74.2167,25.2167,16.2945
18,50,28916.3483,96.9196,1.3256,53.8649,9.3197,76.3373,26.3373,7.4205
18.5,50,27889.1625,135.1504,1.2349,50.5278,9.308,76.1405,26.1405,7.8808
19,50,26859.3056,186.4841,1.1508,47.4079,9.296,75.9555,25.9555,8.3409
19.5,50,25827.4392,251.9829,1.0726,44.4903,9.2837,75.7817,25.7817,8.8011
20,50,24796.9507,335.4442,1,41.7613,9.2711,75.6188,25.6188,9.2611
20.5,50,23769.1472,438.5942,0.9325,39.2082,9.2583,75.4662,25.4662,9.7211
21,50,22745.2836,563.1165,0.8698,36.819,9.2452,75.3236,25.3236,10.181
21.5,50,21728.9421,713.0312,0.8115,34.5828,9.2319,75.1907,25.1907,10.6408
22,50,20723.863,892.5269,0.7573,32.4894,9.2183,75.0671,25.0671,11.1006
22.5,50,19734.4448,1106.4602,0.7068,30.529,9.2044,74.9524,24.9524,11.5603
23,50,18762.4885,1357.1005,0.6599,28.693,9.1903,74.8465,24.8465,12.0199
23.5,50,17810.7537,1647.6865,0.6163,26.9731,9.176,74.749,24.749,12.4794
24,50,16881.2963,1980.7637,0.5756,25.3615,9.1614,74.6597,24.6597,12.9389
24.5,50,15972.4531,2355.1698,0.5378,23.8512,9.1466,74.5784,24.5784,13.3983
25,50,15082.3947,2769.5873,0.5025,22.4354,9.1315,74.5048,24.5048,13.8576
25.5,50,14212.8611,3226.2801,0.4697,21.108,9.1163,74.4387,24.4387,14.3169
26,50,13364.4471,3726.3782,0.4391,19.8631,9.1008,74.3801,24.3801,14.7761
26.5,50,12535.4634,4268.7398,0.4106,18.6955,9.085,74.3287,24.3287,15.2352
27,50,11727.0003,4855.0153,0.3841,17.6001,9.0691,74.2844,24.2844,15.6942
27.5,50,10937.7867,5484.5058,0.3593,16.5722,9.0529,74.2471,24.2471,16.1532
28,50,10167.4718,6157.4463,0.3362,15.6074,9.0365,74.2167,24.2167,16.6121
18,51,28589.6909,108.0079,1.2919,52.8087,9.4825,76.3373,25.3373,7.7108
18.5,51,27555.2414,150.1067,1.2036,49.5371,9.4706,76.1405,25.1405,8.1722
19,51,26518.9239,206.4412,1.1215,46.4784,9.4583,75.9555,24.9555,8.6334
19.5,51,25481.3771,278.0598,1.0454,43.618,9.4457,75.7817,24.7817,9.0946
20,51,24445.5473,368.3277,0.9746,40.9425,9.4329,75.6188,24.6188,9.5557
20.5,51,23412.9136,479.1526,0.9088,38.4394,9.4198,75.4662,24.4662,10.0168
21,51,22385.4588,612.9551,0.8477,36.0971,9.4065,75.3236,24.3236,10.4778
21.5,51,21366.856,773.8566,0.7909,33.9047,9.3929,75.1907,24.1907,10.9387
22,51,20361.3197,966.5296,0.738,31.8523,9.379,75.0671,24.0671,11.3995
22.5,51,19371.9811,1194.5737,0.6889,29.9304,9.3649,74.9524,23.9524,11.8603
23,51,18401.8387,1461.4665,0.6432,28.1304,9.3505,74.8465,23.8465,12.321
23.5,51,17453.0907,1769.896,0.6006,26.4442,9.3359,74.749,23.749,12.7816
24,51,16526.2133,2120.8393,0.561,24.8642,9.3211,74.6597,23.6597,13.2422
24.5,51,15620.2117,2513.8138,0.5241,23.3835,9.306,74.5784,23.5784,13.7026
25,51,14732.4183,2946.6759,0.4898,21.9955,9.2906,74.5048,23.5048,14.1631
25.5,51,13867.0556,3424.1834,0.4578,20.6941,9.2751,74.4387,23.4387,14.6234
26,51,13021.4443,3944.2051,0.428,19.4737,9.2593,74.3801,23.3801,15.0837
26.5,51,12196.1024,4507.8189,0.4002,18.3289,9.2433,74.3287,23.3287,15.5439
27,51,11391.3575,5115.9255,0.3743,17.255,9.227,74.2844,23.2844,16.0041
27.5,51,10605.4933,5767.3945,0.3502,16.2472,9.2106,74.2471,23.2471,16.4641
28,51,9838.9464,6463.2617,0.3277,15.3014,9.1939,74.2167,23.2167,16.9241
18,52,28263.8469,120.0488,1.2597,51.7932,9.6473,76.3373,24.3373,7.9962
18.5,52,27222.7331,166.6241,1.1736,48.5845,9.635,76.1405,24.1405,8.4586
19,52,26179.6761,227.6904,1.0936,45.5845,9.6225,75.9555,23.9555,8.9209
19.5,52,25137.0014,305.9916,1.0193,42.7792,9.6097,75.7817,23.7817,9.3831
20,52,24096.1478,403.3947,0.9503,40.1551,9.5966,75.6188,23.6188,9.8453
20.5,52,23059.1516,522.3738,0.8862,37.7002,9.5833,75.4662,23.4662,10.3074
21,52,22028.3543,665.7178,0.8266,35.4029,9.5697,75.3236,23.3236,10.7694
21.5,52,21008.3245,838.4536,0.7712,33.2527,9.5558,75.1907,23.1907,11.2314
22,52,20002.6111,1044.5979,0.7196,31.2398,9.5417,75.0671,23.0671,11.6933
22.5,52,19014.2947,1287.7104,0.6717,29.3549,9.5273,74.9524,22.9524,12.1551
23,52,18046.166,1571.0713,0.6271,27.5895,9.5126,74.8465,22.8465,12.6169
23.5,52,17100.8106,1897.7669,0.5856,25.9357,9.4977,74.749,22.749,13.0786
24,52,16176.5816,2266.6624,0.547,24.3861,9.4826,74.6597,22.6597,13.5402
24.5,52,15272.4041,2677.2069,0.511,22.9338,9.4672,74.5784,22.5784,14.0018
25,52,14388.0212,3129.6787,0.4776,21.5725,9.4516,74.5048,22.5048,14.4633
25.5,52,13526.1041,3627.297,0.4464,20.2961,9.4358,74.4387,22.4387,14.9247
26,52,12683.735,4167.7041,0.4173,19.0992,9.4197,74.3801,22.3801,15.3861
26.5,52,11862.284,4752.8431,0.3902,17.9765,9.4034,74.3287,22.3287,15.8474
27,52,11060.921,5382.4699,0.365,16.9232,9.3869,74.2844,22.2844,16.3086
27.5,52,10278.7681,6056.3059,0.3415,15.9348,9.3702,74.2471,22.2471,16.7698
28,52,9515.9031,6775.0421,0.3195,15.0071,9.3532,74.2167,22.2167,17.2309
18,53,27938.8512,133.077,1.2289,50.8159,9.8142,76.3373,23.3373,8.2767
18.5,53,26891.5854,184.6504,1.1448,47.6678,9.8017,76.1405,23.1405,8.7401
19,53,25842.2415,250.9109,1.0668,44.7245,9.7889,75.9555,22.9555,9.2035
19.5,53,24794.2218,335.6881,0.9944,41.972,9.7758,75.7817,22.7817,9.6668
20,53,23748.9358,440.8289,0.927,39.3975,9.7625,75.6188,22.6188,10.13
20.5,53,22707.7598,568.1565,0.8645,36.9889,9.7489,75.4662,22.4662,10.5931
21,53,21674.5035,721.9382,0.8064,34.7349,9.735,75.3236,22.3236,11.0562
21.5,53,20653.0432,906.5178,0.7523,32.6253,9.7208,75.1907,22.1907,11.5192
22,53,19648.0065,1127.0014,0.702,30.6503,9.7064,75.0671,22.0671,11.9822
22.5,53,18661.2741,1385.7589,0.6553,28.801,9.6918,74.9524,21.9524,12.4451
23,53,17695.7447,1686.1893,0.6118,27.0689,9.6768,74.8465,21.8465,12.9079
23.5,53,16753.1119,2030.4978,0.5713,25.4463,9.6617,74.749,21.749,13.3706
24,53,15831.8017,2417.6339,0.5336,23.926,9.6463,74.6597,21.6597,13.8333
24.5,53,14929.6224,2845.9412,0.4985,22.5011,9.6306,74.5784,21.5784,14.2959
25,53,14049.3357,3318.7287,0.4659,21.1655,9.6147,74.5048,21.5048,14.7585
25.5,53,13190.2663,3835.881,0.4355,19.9132,9.5986,74.4387,21.4387,15.221
26,53,12351.569,4397.1256,0.4071,18.7388,9.5822,74.3801,21.3801,15.6834
26.5,53,11534.0829,5003.8876,0.3807,17.6373,9.5657,74.3287,21.3287,16.1458
27,53,10736.1192,5655.0773,0.3561,16.6039,9.5489,74.2844,21.2844,16.6081
27.5,53,9957.8867,6351.5162,0.3331,15.6341,9.5318,74.2471,21.2471,17.0703
28,53,9199.4649,7093.911,0.3117,14.724,9.5146,74.2167,21.2167,17.5324
18,54,27614.9219,147.3109,1.1994,49.8749,9.9834,76.3373,22.3373,8.5526
18.5,54,26561.4717,203.8593,1.1174,46.785,9.9706,76.1405,22.1405,9.0171
19,54,25506.6153,276.0981,1.0412,43.8962,9.9576,75.9555,21.9555,9.4814
19.5,54,24453.4488,367.56,0.9705,41.1948,9.9442,75.7817,21.7817,9.9458
20,54,23403.54,480.2589,0.9048,38.6679,9.9306,75.6188,21.6188,10.41
20.5,54,22358.9885,616.7513,0.8437,36.3039,9.9167,75.4662,21.4662,10.8742
21,54,21323.6905,781.4002,0.787,34.0917,9.9026,75.3236,21.3236,11.3383
21.5,54,20302.0607,979.0981,0.7342,32.0211,9.8882,75.1907,21.1907,11.8023
22,54,19297.2457,1213.4801,0.6852,30.0827,9.8735,75.0671,21.0671,12.2663
22.5,54,18312.5943,1488.3945,0.6395,28.2676,9.8586,74.9524,20.9524,12.7302
23,54,17350.2191,1806.4651,0.5971,26.5676,9.8434,74.8465,20.8465,13.1941
23.5,54,16410.2456,2168.3401,0.5576,24.9751,9.8279,74.749,20.749,13.6579
24,54,15491.5186,2573.399,0.5208,23.4829,9.8122,74.6597,20.6597,14.1216
24.5,54,14592.0708,3020.2212,0.4866,22.0844,9.7963,74.5784,20.5784,14.5852
25,54,13715.8555,3513.3195,0.4547,20.7735,9.7801,74.5048,20.5048,15.0488
25.5,54,12859.7628,4050.1562,0.425,19.5444,9.7637,74.4387,20.4387,15.5124
26,54,12024.8344,4632.3582,0.3973,18.3918,9.7471,74.3801,20.3801,15.9758
26.5,54,11210.8623,5260.316,0.3716,17.3107,9.7302,74.3287,20.3287,16.4392
27,54,10416.4499,5933.2458,0.3475,16.2964,9.7131,74.2844,20.2844,16.9026
27.5,54,9641.6909,6651.8676,0.3251,15.3446,9.6958,74.2471,20.2471,17.3659
28,54,8888.3696,7418.6066,0.3042,14.4513,9.6782,74.2167,20.2167,17.8291
18,55,27292.3338,163.0253,1.1711,48.9681,10.1551,76.3373,21.3373,8.8241
18.5,55,26232.4199,224.2786,1.091,45.9344,10.1421,76.1405,21.1405,9.2895
19,55,25172.5546,303.0092,1.0167,43.0981,10.1288,75.9555,20.9555,9.7549
19.5,55,24114.562,401.4867,0.9476,40.4458,10.1152,75.7817,20.7817,10.2202
20,55,23060.4814,522.2062,0.8835,37.9649,10.1013,75.6188,20.6188,10.6855
20.5,55,22012.7811,668.1016,0.8239,35.6438,10.0871,75.4662,20.4662,11.1506
21,55,20976.2339,844.423,0.7684,33.4719,10.0727,75.3236,20.3236,11.6158
21.5,55,19954.6688,1055.4865,0.7169,31.4389,10.058,75.1907,20.1907,12.0808
22,55,18951.1482,1304.8535,0.669,29.5358,10.0431,75.0671,20.0671,12.5458
22.5,55,17968.6018,1595.9639,0.6245,27.7537,10.0278,74.9524,19.9524,13.0107
23,55,17009.622,1931.9318,0.583,26.0846,10.0124,74.8465,19.8465,13.4756
23.5,55,16072.4168,2311.4991,0.5444,24.521,9.9966,74.749,19.749,13.9404
24,55,15155.5136,2733.7391,0.5085,23.0559,9.9807,74.6597,19.6597,14.4052
24.5,55,14259.8375,3200.1355,0.4751,21.6829,9.9644,74.5784,19.5784,14.8699
25,55,13386.7055,3712.5768,0.444,20.3958,9.948,74.5048,19.5048,15.3345
25.5,55,12534.1298,4269.6592,0.415,19.1891,9.9313,74.4387,19.4387,15.799
26,55,11703.2692,4873.1399,0.388,18.0574,9.9143,74.3801,19.3801,16.2635
26.5,55,10892.7821,5522.2887,0.3628,16.9959,9.8972,74.3287,19.3287,16.728
27,55,10102.3248,6217.3877,0.3393,16.0001,9.8798,74.2844,19.2844,17.1923
27.5,55,9331.8311,6959.0109,0.3175,15.0656,9.8622,74.2471,19.2471,17.6567
28,55,8582.6368,7749.1493,0.2971,14.1885,9.8443,74.2167,19.2167,18.1209
18,56,26971.0457,180.1792,1.144,48.0936,10.3296,76.3373,20.3373,9.0912
18.5,56,25904.9292,246.4077,1.0658,45.1141,10.3163,76.1405,20.1405,9.5576
19,56,24840.0307,331.6156,0.9931,42.3285,10.3027,75.9555,19.9555,10.024
19.5,56,23777.738,437.6454,0.9257,39.7235,10.2888,75.7817,19.7817,10.4903
20,56,22719.6482,566.5587,0.863,37.2869,10.2747,75.6188,19.6188,10.9565
20.5,56,21669.6643,722.7345,0.8048,35.0073,10.2602,75.4662,19.4662,11.4227
21,56,20631.8775,910.7502,0.7507,32.8741,10.2455,75.3236,19.3236,11.8888
21.5,56,19611.0444,1135.8599,0.7003,30.8775,10.2306,75.1907,19.1907,12.3549
22,56,18609.2498,1400.6577,0.6535,29.0084,10.2153,75.0671,19.0671,12.8209
22.5,56,17629.5418,1708.7124,0.61,27.2581,10.1998,74.9524,18.9524,13.2868
23,56,16673.3032,2061.9393,0.5695,25.6188,10.1841,74.8465,18.8465,13.7527
23.5,56,15739.1372,2459.4867,0.5318,24.0831,10.1681,74.749,18.749,14.2185
24,56,14824.447,2899.315,0.4968,22.6442,10.1518,74.6597,18.6597,14.6843
24.5,56,13932.9645,3385.7264,0.4641,21.2957,10.1353,74.5784,18.5784,15.15
25,56,13062.843,3917.4577,0.4337,20.0316,10.1185,74.5048,18.5048,15.6156
25.5,56,12213.9796,4495.0028,0.4054,18.8464,10.1015,74.4387,18.4387,16.0812
26,56,11386.8714,5119.4693,0.379,17.735,10.0843,74.3801,18.3801,16.5467
26.5,56,10579.7844,5789.7481,0.3544,16.6924,10.0668,74.3287,18.3287,17.0121
27,56,9792.993,6506.7525,0.3315,15.7144,10.0492,74.2844,18.2844,17.4775
27.5,56,9027.3994,7272.039,0.3101,14.7966,10.0312,74.2471,18.2471,17.9428
28,56,8282.3626,8085.6356,0.2902,13.9352,10.0131,74.2167,18.2167,18.4081
18,57,26650.8393,198.5542,1.118,47.2499,10.507,76.3373,19.3373,9.3542
18.5,57,25579.2473,270.4943,1.0415,44.3227,10.4934,76.1405,19.1405,9.8215
19,57,24509.2951,362.1689,0.9705,41.5859,10.4796,75.9555,18.9555,10.2889
19.5,57,23442.5997,475.6586,0.9046,39.0266,10.4654,75.7817,18.7817,10.7562
20,57,22381.2767,613.5532,0.8434,36.6328,10.451,75.6188,18.6188,11.2234
20.5,57,21329.3883,780.4,0.7865,34.3932,10.4363,75.4662,18.4662,11.6905
21,57,20291.5722,981.3329,0.7336,32.2974,10.4213,75.3236,18.3236,12.1576
21.5,57,19271.1214,1220.1526,0.6844,30.3358,10.406,75.1907,18.1907,12.6247
22,57,18271.5448,1500.8873,0.6387,28.4994,10.3905,75.0671,18.0671,13.0917
22.5,57,17295.0913,1826.3174,0.5961,26.7799,10.3747,74.9524,17.9524,13.5586
23,57,16341.642,2196.8673,0.5566,25.1693,10.3587,74.8465,17.8465,14.0255
23.5,57,15409.8712,2611.7675,0.5197,23.6606,10.3424,74.749,17.749,14.4923
24,57,14498.3526,3070.1606,0.4855,22.247,10.3258,74.6597,17.6597,14.959
24.5,57,13610.7212,3576.2636,0.4536,20.9221,10.309,74.5784,17.5784,15.4257
25,57,12743.6845,4127.3795,0.4238,19.6802,10.292,74.5048,17.5048,15.8923
25.5,57,11898.7567,4725.6318,0.3962,18.5158,10.2747,74.4387,17.4387,16.3589
26,57,11075.1102,5370.816,0.3704,17.4238,10.2572,74.3801,17.3801,16.8254
26.5,57,10271.7849,6062.6104,0.3463,16.3996,10.2394,74.3287,17.3287,17.2919
27,57,9488.8866,6801.7729,0.3239,15.4387,10.2214,74.2844,17.2844,17.7583
27.5,57,8727.9041,7590.4605,0.303,14.537,10.2032,74.2471,17.2471,18.2246
28,57,7987.5263,8428.0454,0.2836,13.6907,10.1848,74.2167,17.2167,18.6909
18,58,26331.5525,217.9884,1.093,46.4352,10.6875,76.3373,18.3373,9.6131
18.5,58,25255.0506,296.215,1.0182,43.5585,10.6737,76.1405,18.1405,10.0814
19,58,24180.4098,394.7312,0.9488,40.8689,10.6596,75.9555,17.9555,10.5497
19.5,58,23109.6644,516.0441,0.8844,38.3537,10.6452,75.7817,17.7817,11.018
20,58,22045.3067,663.1295,0.8245,36.0012,10.6305,75.6188,17.6188,11.4861
20.5,58,20992.2882,841.4335,0.7689,33.8002,10.6155,75.4662,17.4662,11.9543
21,58,19954.6397,1055.4931,0.7172,31.7405,10.6002,75.3236,17.3236,12.4223
21.5,58,18935.6262,1309.091,0.6691,29.8128,10.5847,75.1907,17.1907,12.8904
22,58,17938.2796,1605.7888,0.6244,28.0081,10.5689,75.0671,17.0671,13.3583
22.5,58,16965.1943,1948.723,0.5828,26.3181,10.5528,74.9524,16.9524,13.8262
23,58,16014.6044,2336.6819,0.5441,24.7354,10.5365,74.8465,16.8465,14.294
23.5,58,15084.7171,2768.4402,0.5081,23.2527,10.5199,74.749,16.749,14.7618
24,58,14177.2168,3246.2626,0.4746,21.8634,10.503,74.6597,16.6597,15.2296
24.5,58,13292.5951,3771.2348,0.4434,20.5614,10.4859,74.5784,16.5784,15.6972
25,58,12429.3389,4342.4511,0.4144,19.3409,10.4686,74.5048,16.5048,16.1648
25.5,58,11588.4953,4961.5805,0.3873,18.1965,10.451,74.4387,16.4387,16.6324
26,58,10768.3676,5627.5625,0.3621,17.1234,10.4332,74.3801,16.3801,17.0999
26.5,58,9969.0255,6341.1177,0.3386,16.1168,10.4151,74.3287,16.3287,17.5673
27,58,9190.5864,7103.0301,0.3167,15.1725,10.3968,74.2844,16.2844,18.0347
27.5,58,8433.7422,7914.6729,0.2963,14.2863,10.3783,74.2471,16.2471,18.502
28,58,7697.9763,8776.2277,0.2772,13.4547,10.3596,74.2167,16.2167,18.9693
18,59,26013.5034,238.8,1.069,45.6482,10.8715,76.3373,17.3373,9.8681
18.5,59,24932.2919,323.5225,0.9959,42.8202,10.8574,76.1405,17.1405,10.3374
19,59,23853.4002,429.328,0.928,40.1762,10.843,75.9555,16.9555,10.8066
19.5,59,22778.7799,558.6496,0.865,37.7037,10.8283,75.7817,16.7817,11.2758
20,59,21712.2107,715.7602,0.8064,35.391,10.8133,75.6188,16.6188,11.7449
20.5,59,20658.0484,905.5196,0.752,33.2273,10.798,75.4662,16.4662,12.214
21,59,19621.2557,1133.4066,0.7014,31.2026,10.7825,75.3236,16.3236,12.683
21.5,59,18604.0395,1402.156,0.6544,29.3075,10.7667,75.1907,16.1907,13.152
22,59,17609.6305,1715.5386,0.6107,27.5334,10.7506,75.0671,16.0671,13.6209
22.5,59,16639.3407,2075.4191,0.57,25.8721,10.7342,74.9524,15.9524,14.0898
23,59,15691.8186,2481.0115,0.5322,24.3161,10.7176,74.8465,15.8465,14.5586
23.5,59,14764.3518,2930.1818,0.497,22.8586,10.7007,74.749,15.749,15.0273
24,59,13861.093,3427.6749,0.4642,21.4928,10.6836,74.6597,15.6597,15.496
24.5,59,12979.4697,3971.5239,0.4337,20.2129,10.6662,74.5784,15.5784,15.9647
25,59,12119.9746,4562.8413,0.4053,19.0131,10.6485,74.5048,15.5048,16.4332
25.5,59,11282.7382,5202.3923,0.3788,17.8881,10.6306,74.4387,15.4387,16.9018
26,59,10466.2023,5889.2676,0.3541,16.8332,10.6125,74.3801,15.3801,17.3702
26.5,59,9670.3447,6624.1093,0.3311,15.8437,10.5941,74.3287,15.3287,17.8386
27,59,8897.0082,7409.4401,0.3097,14.9153,10.5756,74.2844,15.2844,18.307
27.5,59,8144.4746,8244.2378,0.2898,14.0442,10.5567,74.2471,15.2471,18.7753
28,59,7413.5843,9130.0547,0.2711,13.2266,10.5377,74.2167,15.2167,19.2435
18,60,25697.2632,261.5602,1.0458,44.8874,11.0591,76.3373,16.3373,10.1193
18.5,60,24611.0278,352.4738,0.9743,42.1065,11.0447,76.1405,16.1405,10.5895
19,60,23528.0486,465.7416,0.9079,39.5066,11.03,75.9555,15.9555,11.0597
19.5,60,22450.2134,603.7426,0.8463,37.0753,11.0151,75.7817,15.7817,11.5298
20,60,21381.8108,771.2674,0.789,34.8011,10.9998,75.6188,15.6188,11.9999
20.5,60,20327.6687,973.6581,0.7357,32.6735,10.9843,75.4662,15.4662,12.4699
21,60,19291.3345,1214.9878,0.6863,30.6825,10.9684,75.3236,15.3236,12.9399
21.5,60,18276.4135,1499.4,0.6403,28.819,10.9523,75.1907,15.1907,13.4098
22,60,17285.32,1829.8595,0.5975,27.0745,10.9359,75.0671,15.0671,13.8797
22.5,60,16317.9227,2206.7984,0.5577,25.4409,10.9193,74.9524,14.9524,14.3495
23,60,15372.7564,2629.3281,0.5207,23.9109,10.9023,74.8465,14.8465,14.8192
23.5,60,14448.65,3096.8673,0.4862,22.4776,10.8852,74.749,14.749,15.2889
24,60,13549.0157,3613.4318,0.4541,21.1346,10.8677,74.6597,14.6597,15.7585
24.5,60,12670.7133,4176.4993,0.4243,19.876,10.85,74.5784,14.5784,16.2281
25,60,11815.1991,4788.1581,0.3965,18.6962,10.8321,74.5048,14.5048,16.6977
25.5,60,10981.5034,5448.0855,0.3706,17.59,10.8139,74.4387,14.4387,17.1671
26,60,10168.8588,6156.1763,0.3465,16.5526,10.7955,74.3801,14.3801,17.6366
26.5,60,9377.2804,6913.1233,0.324,15.5796,10.7768,74.3287,14.3287,18.1059
27,60,8608.1806,7721.0324,0.303,14.6667,10.7579,74.2844,14.2844,18.5753
27.5,60,7860.397,8579.4512,0.2835,13.8101,10.7387,74.2471,14.2471,19.0445
28,60,7134.6501,9489.8268,0.2653,13.0062,10.7194,74.2167,14.2167,19.5137
18,61,25382.4611,285.8984,1.0236,44.1515,11.2506,76.3373,15.3373,10.3668
18.5,61,24291.6801,383.4905,0.9536,41.4163,11.2359,76.1405,15.1405,10.838
19,61,23204.6425,504.2599,0.8886,38.859,11.221,75.9555,14.9555,11.3091
19.5,61,22123.894,651.2522,0.8283,36.4675,11.2057,75.7817,14.7817,11.7801
20,61,21054.3961,829.9406,0.7722,34.2306,11.1902,75.6188,14.6188,12.2511
20.5,61,20000.3985,1045.0986,0.7201,32.1379,11.1743,75.4662,14.4662,12.7221
21,61,18965.5671,1300.9279,0.6717,30.1795,11.1582,75.3236,14.3236,13.193
21.5,61,17952.952,1601.0269,0.6266,28.3466,11.1418,75.1907,14.1907,13.6638
22,61,16965.2851,1948.6886,0.5848,26.6306,11.1251,75.0671,14.0671,14.1346
22.5,61,16000.8017,2342.7225,0.5458,25.0238,11.1082,74.9524,13.9524,14.6054
23,61,15057.6386,2781.8529,0.5096,23.5189,11.091,74.8465,13.8465,15.076
23.5,61,14137.6622,3268.5474,0.4759,22.1091,11.0735,74.749,13.749,15.5467
24,61,13241.1053,3803.6543,0.4445,20.7881,11.0558,74.6597,13.6597,16.0172
24.5,61,12366.6525,4386.488,0.4153,19.5501,11.0378,74.5784,13.5784,16.4878
25,61,11515.2154,5018.6046,0.3881,18.3897,11.0195,74.5048,13.5048,16.9583
25.5,61,10684.9755,5698.8451,0.3627,17.3016,11.001,74.4387,13.4387,17.4287
26,61,9876.1678,6428.1199,0.3391,16.2813,10.9823,74.3801,13.3801,17.899
26.5,61,9089.2575,7207.5851,0.3171,15.3242,10.9633,74.3287,13.3287,18.3694
27,61,8324.279,8037.9826,0.2966,14.4263,10.9441,74.2844,13.2844,18.8396
27.5,61,7581.2088,8920.013,0.2775,13.5837,10.9246,74.2471,13.2471,19.3098
28,61,6860.5112,9854.882,0.2596,12.7929,10.9049,74.2167,13.2167,19.78
18,62,25069.0397,311.7572,1.0022,43.4394,11.4462,76.3373,14.3373,10.6108
18.5,62,23973.9567,416.2809,0.9337,40.7483,11.4313,76.1405,14.1405,11.0829
19,62,22883.2054,544.9062,0.8701,38.2322,11.4161,75.9555,13.9555,11.5549
19.5,62,21800.1521,701.5088,0.811,35.8793,11.4006,75.7817,13.7817,12.0269
20,62,20729.595,891.4082,0.7561,33.6785,11.3847,75.6188,13.6188,12.4988
20.5,62,19676.5745,1120.1779,0.705,31.6195,11.3686,75.4662,13.4662,12.9706
21,62,18643.5491,1390.8227,0.6576,29.6928,11.3522,75.3236,13.3236,13.4425
21.5,62,17633.8537,1707.2357,0.6135,27.8894,11.3355,75.1907,13.1907,13.9142
22,62,16649.0586,2071.5589,0.5725,26.2011,11.3185,75.0671,13.0671,14.3859
22.5,62,15687.6842,2482.8979,0.5344,24.6202,11.3013,74.9524,12.9524,14.8576
23,62,14747.006,2939.1267,0.4989,23.1396,11.2838,74.8465,12.8465,15.3292
23.5,62,13831.3122,3445.1462,0.4659,21.7525,11.266,74.749,12.749,15.8007
24,62,12937.8121,3998.7931,0.4352,20.4528,11.2479,74.6597,12.6597,16.2723
24.5,62,12067.1478,4601.351,0.4066,19.2348,11.2296,74.5784,12.5784,16.7437
25,62,11219.3209,5253.4786,0.3799,18.0931,11.2111,74.5048,12.5048,17.2151
25.5,62,10392.7691,5954.286,0.3551,17.0226,11.1923,74.4387,12.4387,17.6865
26,62,9587.6045,6704.5737,0.332,16.0187,11.1732,74.3801,12.3801,18.1578
26.5,62,8805.6276,7506.8466,0.3105,15.077,11.1539,74.3287,12.3287,18.629
27,62,8045.1589,8360.1467,0.2904,14.1936,11.1344,74.2844,12.2844,19.1002
27.5,62,7307.0256,9266.0395,0.2717,13.3646,11.1146,74.2471,12.2471,19.5714
28,62,6593.1579,10227.2112,0.2542,12.5866,11.0946,74.2167,12.2167,20.0425
18,63,24756.9029,339.0406,0.9816,42.7499,11.6464,76.3373,13.3373,10.8514
18.5,63,23657.971,450.9581,0.9145,40.1015,11.6312,76.1405,13.1405,11.3243
19,63,22563.8689,587.8124,0.8521,37.6253,11.6157,75.9555,12.9555,11.7972
19.5,63,21479.037,754.562,0.7943,35.3098,11.5998,75.7817,12.7817,12.2701
20,63,20408.3531,956.6158,0.7405,33.1439,11.5837,75.6188,12.6188,12.7429
20.5,63,19355.9064,1198.606,0.6905,31.1176,11.5673,75.4662,12.4662,13.2157
21,63,18325.1877,1484.5794,0.6441,29.2215,11.5506,75.3236,12.3236,13.6884
21.5,63,17318.835,1817.7428,0.6009,27.4467,11.5336,75.1907,12.1907,14.1611
22,63,16336.985,2198.8151,0.5608,25.7852,11.5163,75.0671,12.0671,14.6337
22.5,63,15378.0587,2626.8134,0.5234,24.2294,11.4988,74.9524,11.9524,15.1063
23,63,14440.8036,3101.0948,0.4887,22.7723,11.481,74.8465,11.8465,15.5788
23.5,63,13528.6749,3625.7389,0.4563,21.4072,11.4629,74.749,11.749,16.0512
24,63,12638.5761,4198.2881,0.4262,20.1282,11.4445,74.6597,11.6597,16.5237
24.5,63,11771.9493,4820.8384,0.3982,18.9295,11.4259,74.5784,11.5784,16.996
25,63,10927.693,5492.9578,0.3721,17.8059,11.4071,74.5048,11.5048,17.4684
25.5,63,10105.2054,6214.7298,0.3478,16.7524,11.3879,74.4387,11.4387,17.9406
26,63,9304.4273,6986.7967,0.3252,15.7644,11.3686,74.3801,11.3801,18.4129
26.5,63,8526.607,7811.1247,0.3041,14.8377,11.349,74.3287,11.3287,18.885
27,63,7770.788,8687.4929,0.2844,13.9683,11.3291,74.2844,11.2844,19.3571
27.5,63,7037.7004,9617.384,0.2661,13.1525,11.309,74.2471,11.2471,19.8292
28,63,6331.3824,10605.6071,0.249,12.3868,11.2887,74.2167,11.2167,20.3012
18,64,24446.5338,368.2318,0.9617,42.0819,11.8513,76.3373,12.3373,11.0886
18.5,64,23343.6001,487.3998,0.8959,39.4749,11.8358,76.1405,12.1405,11.5624
19,64,22246.7166,633.0619,0.8349,37.0374,11.82,75.9555,11.9555,12.0362
19.5,64,21160.686,810.5491,0.7782,34.7581,11.8039,75.7817,11.7817,12.51
20,64,20090.0997,1024.993,0.7255,32.626,11.7875,75.6188,11.6188,12.9837
20.5,64,19039.0568,1281.0455,0.6765,30.6314,11.7708,75.4662,11.4662,13.4573
21,64,18010.6916,1582.407,0.631,28.7649,11.7538,75.3236,11.3236,13.9309
21.5,64,17007.9202,1932.5728,0.5887,27.0178,11.7365,75.1907,11.1907,14.4045
22,64,16028.9975,2330.3907,0.5494,25.3823,11.7189,75.0671,11.0671,14.878
22.5,64,15072.1234,2774.6674,0.5128,23.8508,11.7011,74.9524,10.9524,15.3515
23,64,14139.043,3267.7691,0.4788,22.4164,11.6829,74.8465,10.8465,15.8249
23.5,64,13230.0626,3810.6379,0.4471,21.0727,11.6645,74.749,10.749,16.2983
24,64,12343.8377,4402.5802,0.4176,19.8137,11.6459,74.6597,10.6597,16.7716
24.5,64,11481.2721,5045.1658,0.3901,18.6337,11.627,74.5784,10.5784,17.2449
25,64,10640.446,5737.1569,0.3646,17.5277,11.6078,74.5048,10.5048,17.7181
25.5,64,9821.6847,6479.5771,0.3408,16.4906,11.5883,74.4387,10.4387,18.1913
26,64,9025.6819,7273.8347,0.3186,15.5181,11.5687,74.3801,10.3801,18.6644
26.5,64,8252.0511,8120.2752,0.2979,14.6059,11.5487,74.3287,10.3287,19.1375
27,64,7501.0186,9019.874,0.2786,13.7501,11.5286,74.2844,10.2844,19.6105
27.5,64,6773.3823,9974.1964,0.2607,12.947,11.5081,74.2471,10.2471,20.0835
28,64,6075.7212,10990.6068,0.2439,12.1933,11.4875,74.2167,10.2167,20.5564
18,65,24137.7044,399.1029,0.9425,41.4345,12.0612,76.3373,11.3373,11.3225
18.5,65,23031.1477,525.9094,0.8781,38.8676,12.0454,76.1405,11.1405,11.7973
19,65,21931.7535,680.6603,0.8182,36.4676,12.0294,75.9555,10.9555,12.2719
19.5,65,20844.7932,869.1645,0.7626,34.2233,12.013,75.7817,10.7817,12.7466
20,65,19775.1725,1096.8775,0.711,32.1241,11.9963,75.6188,10.6188,13.2211
20.5,65,18725.9239,1367.3947,0.663,30.1602,11.9793,75.4662,10.4662,13.6957
21,65,17700.3779,1684.6227,0.6184,28.3223,11.962,75.3236,10.3236,14.1702
21.5,65,16700.5551,2051.1717,0.577,26.6022,11.9444,75.1907,10.1907,14.6446
22,65,15724.8004,2465.99,0.5384,24.9918,11.9265,75.0671,10.0671,15.119
22.5,65,14770.4551,2927.037,0.5026,23.4839,11.9084,74.9524,9.9524,15.5934
23,65,13841.6511,3439.0767,0.4692,22.0716,11.8899,74.8465,9.8465,16.0677
23.5,65,12935.7668,4000.1351,0.4382,20.7485,11.8712,74.749,9.749,16.5419
24,65,12053.3681,4611.4407,0.4093,19.5089,11.8523,74.6597,9.6597,17.0161
24.5,65,11194.4097,5273.6268,0.3824,18.3471,11.833,74.5784,9.5784,17.4903
25,65,10357.3357,5985.8319,0.3573,17.258,11.8135,74.5048,9.5048,17.9644
25.5,65,9542.3464,6748.9676,0.334,16.2369,11.7938,74.4387,9.4387,18.4385
26,65,8751.1166,7565.4367,0.3122,15.2793,11.7738,74.3801,9.3801,18.9125
26.5,65,7982.1115,8434.4499,0.292,14.3812,11.7535,74.3287,9.3287,19.3865
27,65,7236.1187,9357.5584,0.2731,13.5385,11.733,74.2844,9.2844,19.8604
27.5,65,6515.4686,10337.8741,0.2555,12.7478,11.7123,74.2471,9.2471,20.3343
28,65,5825.7101,11381.7467,0.2391,12.0057,11.6913,74.2167,9.2167,20.8082
18,66,23830.5876,431.8269,0.924,40.8067,12.2766,76.3373,10.3373,11.5533
18.5,66,22720.5627,566.4358,0.8608,38.2787,12.2605,76.1405,10.1405,12.0289
19,66,21619.4051,731.0328,0.8021,35.9151,12.2442,75.9555,9.9555,12.5045
19.5,66,20531.9166,930.9662,0.7476,33.7048,12.2275,75.7817,9.7817,12.98
20,66,19463.2472,1171.9453,0.697,31.6374,12.2105,75.6188,9.6188,13.4554
20.5,66,18416.0558,1457.202,0.65,29.7032,12.1932,75.4662,9.4662,13.9308
21,66,17393.88,1790.8601,0.6063,27.8932,12.1756,75.3236,9.3236,14.4062
21.5,66,16397.0148,2173.8145,0.5656,26.1991,12.1577,75.1907,9.1907,14.8815
22,66,15423.9196,2605.1392,0.5278,24.6131,12.1395,75.0671,9.0671,15.3568
22.5,66,14472.9346,3083.803,0.4927,23.1281,12.1211,74.9524,8.9524,15.832
23,66,13547.7856,3614.1755,0.46,21.7372,12.1023,74.8465,8.8465,16.3072
23.5,66,12645.2879,4193.731,0.4296,20.4342,12.0833,74.749,8.749,16.7823
24,66,11766.9367,4824.6395,0.4012,19.2133,12.0641,74.6597,8.6597,17.2574
24.5,66,10911.6029,5506.4627,0.3749,18.0691,12.0445,74.5784,8.5784,17.7325
25,66,10078.6434,6239.2646,0.3503,16.9965,12.0247,74.5048,8.5048,18.2075
25.5,66,9268.0515,7023.7628,0.3274,15.9909,12.0046,74.4387,8.4387,18.6824
26,66,8480.9938,7861.8653,0.3061,15.0478,11.9843,74.3801,8.3801,19.1573
26.5,66,7716.598,8753.4593,0.2862,14.1633,11.9637,74.3287,8.3287,19.6322
27,66,6975.523,9699.9813,0.2677,13.3334,11.9429,74.2844,8.2844,20.107
27.5,66,6262.8898,10707.3486,0.2505,12.5547,11.9218,74.2471,8.2471,20.5818
28,66,5581.0862,11778.7645,0.2344,11.8238,11.9005,74.2167,8.2167,21.0565
18,67,23524.8858,466.1063,0.9061,40.1977,12.4977,76.3373,9.3373,11.7811
18.5,67,22412.0278,609.1623,0.8441,37.7073,12.4814,76.1405,9.1405,12.2575
19,67,21309.4035,783.9118,0.7866,35.379,12.4647,75.9555,8.9555,12.7339
19.5,67,20222.2888,996.1867,0.7332,33.2017,12.4478,75.7817,8.7817,13.2103
20,67,19154.5228,1250.3954,0.6835,31.1652,12.4305,75.6188,8.6188,13.6866
20.5,67,18109.9162,1550.9311,0.6374,29.2598,12.4129,75.4662,8.4662,14.1629
21,67,17091.3679,1901.2893,0.5945,27.4769,12.395,75.3236,8.3236,14.6391
21.5,67,16097.4602,2300.6626,0.5547,25.8081,12.3768,75.1907,8.1907,15.1153
22,67,15126.4485,2747.9318,0.5176,24.2458,12.3583,75.0671,8.0671,15.5914
22.5,67,14179.5481,3244.9519,0.4832,22.7829,12.3396,74.9524,7.9524,16.0675
23,67,13257.6183,3793.2375,0.4511,21.4127,12.3205,74.8465,7.8465,16.5435
23.5,67,12359.0496,4391.8497,0.4212,20.1292,12.3012,74.749,7.749,17.0195
24,67,11484.7809,5042.4141,0.3935,18.9265,12.2816,74.6597,7.6597,17.4955
24.5,67,10632.8724,5743.6943,0.3676,17.7994,12.2617,74.5784,7.5784,17.9714
25,67,9803.6064,6496.6925,0.3435,16.7428,12.2416,74.5048,7.5048,18.4473
25.5,67,8997.8436,7303.0065,0.3211,15.7522,12.2212,74.4387,7.4387,18.9231
26,67,8214.9889,8162.7964,0.3002,14.8232,12.2006,74.3801,7.3801,19.3989
26.5,67,7455.4062,9077.1994,0.2807,13.9519,12.1796,74.3287,7.3287,19.8746
27,67,6720.2146,10048.1263,0.2625,13.1344,12.1585,74.2844,7.2844,20.3503
27.5,67,6015.8034,11082.7775,0.2456,12.3673,12.1371,74.2471,7.2471,20.826
28,67,5343.0054,12182.8165,0.2298,11.6473,12.1155,74.2167,7.2167,21.3016
18,68,23220.9198,502.2619,0.8888,39.6065,12.7251,76.3373,8.3373,12.0059
18.5,68,22105.4749,654.0204,0.828,37.1528,12.7084,76.1405,8.1405,12.4832
19,68,21002.0673,839.6159,0.7716,34.8588,12.6915,75.9555,7.9555,12.9604
19.5,68,19915.5029,1064.4196,0.7192,32.7135,12.6742,75.7817,7.7817,13.4376
20,68,18849.5572,1332.7858,0.6705,30.7069,12.6566,75.6188,7.6188,13.9147
20.5,68,17807.6408,1648.7179,0.6253,28.8296,12.6388,75.4662,7.4662,14.3919
21,68,16792.1784,2015.2472,0.5832,27.0728,12.6206,75.3236,7.3236,14.8689
21.5,68,15801.4662,2431.291,0.5441,25.4286,12.6021,75.1907,7.1907,15.346
22,68,14832.9751,2894.956,0.5078,23.8892,12.5833,75.0671,7.0671,15.8229
22.5,68,13890.3636,3410.552,0.4739,22.4478,12.5642,74.9524,6.9524,16.2999
23,68,12971.5699,3976.6836,0.4425,21.0978,12.5448,74.8465,6.8465,16.7768
23.5,68,12076.8324,4594.2717,0.4132,19.8332,12.5252,74.749,6.749,17.2536
24,68,11206.2128,5264.077,0.386,18.6482,12.5053,74.6597,6.6597,17.7305
24.5,68,10358.0716,5985.1755,0.3606,17.5376,12.4851,74.5784,6.5784,18.2072
25,68,9532.6396,6758.5307,0.337,16.4966,12.4646,74.5048,6.5048,18.684
25.5,68,8731.5499,7586.5264,0.3149,15.5206,12.4439,74.4387,6.4387,19.1607
26,68,7953.3834,8468.512,0.2944,14.6053,12.4229,74.3801,6.3801,19.6373
26.5,68,7198.8761,9406.0104,0.2753,13.7467,12.4017,74.3287,6.3287,20.1139
27,68,6470.5156,10402.3158,0.2575,12.9412,12.3802,74.2844,6.2844,20.5905
27.5,68,5774.2165,11464.1686,0.2409,12.1854,12.3585,74.2471,6.2471,21.067
28,68,5110.7673,12593.203,0.2254,11.476,12.3365,74.2167,6.2167,21.5435
18,69,22918.6932,540.2974,0.8721,39.0325,12.959,76.3373,7.3373,12.2278
18.5,69,21801.2291,701.3356,0.8125,36.6144,12.942,76.1405,7.1405,12.7059
19,69,20697.0399,897.7887,0.7571,34.3536,12.9248,75.9555,6.9555,13.1839
19.5,69,19611.6165,1135.7224,0.7057,32.2394,12.9072,75.7817,6.7817,13.662
20,69,18547.6585,1418.4249,0.6579,30.2618,12.8894,75.6188,6.6188,14.14
20.5,69,17509.0086,1750.3415,0.6135,28.4117,12.8712,75.4662,6.4662,14.6179
21,69,16496.4872,2132.9098,0.5722,26.6805,12.8527,75.3236,6.3236,15.0958
21.5,69,15508.7097,2565.3766,0.5339,25.06,12.8339,75.1907,6.1907,15.5737
22,69,14543.367,3046.0797,0.4982,23.543,12.8148,75.0671,6.0671,16.0515
22.5,69,13604.6765,3579.8988,0.465,22.1225,12.7954,74.9524,5.9524,16.5293
23,69,12689.1655,4164.0392,0.4342,20.7921,12.7757,74.8465,5.8465,17.0071
23.5,69,11798.4363,4800.7976,0.4054,19.5457,12.7558,74.749,5.749,17.4848
24,69,10931.43,5489.8259,0.3787,18.3779,12.7355,74.6597,5.6597,17.9624
24.5,69,10087.4308,6231.1367,0.3538,17.2835,12.715,74.5784,5.5784,18.4401
25,69,9266.4034,7025.4402,0.3306,16.2575,12.6943,74.5048,5.5048,18.9176
25.5,69,8469.5154,7874.6678,0.309,15.2956,12.6732,74.4387,5.4387,19.3952
26,69,7695.9153,8778.7501,0.2889,14.3936,12.6519,74.3801,5.3801,19.8727
26.5,69,6946.2145,9739.0999,0.2702,13.5475,12.6303,74.3287,5.3287,20.3502
27,69,6226.1604,10762.2849,0.2527,12.7537,12.6085,74.2844,5.2844,20.8276
27.5,69,5537.6146,11851.0078,0.2364,12.0088,12.5864,74.2471,5.2471,21.305
28,69,4884.4094,13009.9621,0.2212,11.3097,12.5641,74.2167,5.2167,21.7823
18,70,22618.2927,580.2997,0.8559,38.4749,13.1999,76.3373,6.3373,12.4468
18.5,70,21499.3056,751.1231,0.7974,36.0913,13.1827,76.1405,6.1405,12.9258
19,70,20395.2609,959.3698,0.7431,33.8628,13.1651,75.9555,5.9555,13.4047
19.5,70,19310.611,1210.0765,0.6926,31.7788,13.1473,75.7817,5.7817,13.8835
20,70,18249.2304,1507.7162,0.6457,29.8295,13.1291,75.6188,5.6188,14.3623
20.5,70,17214.0826,1855.865,0.6021,28.0059,13.1106,75.4662,5.4662,14.8411
21,70,16204.681,2254.6637,0.5616,26.2993,13.0918,75.3236,5.3236,15.3198
21.5,70,15219.1432,2702.8721,0.524,24.702,13.0727,75.1907,5.1907,15.7985
22,70,14257.6633,3201.3421,0.489,23.2067,13.0533,75.0671,5.0671,16.2772
22.5,70,13322.1972,3752.703,0.4564,21.8065,13.0336,74.9524,4.9524,16.7558
23,70,12410.6534,4355.5529,0.4261,20.495,13.0136,74.8465,4.8465,17.2344
23.5,70,11524.1032,5011.6693,0.3979,19.2665,12.9934,74.749,4.749,17.7129
24,70,10660.5795,5719.8082,0.3717,18.1154,12.9728,74.6597,4.6597,18.1915
24.5,70,9820.2785,6480.9069,0.3472,17.0366,12.952,74.5784,4.5784,18.6699
25,70,9004.0124,7296.5359,0.3245,16.0253,12.9309,74.5048,4.5048,19.1483
25.5,70,8211.3243,8167.0153,0.3033,15.0771,12.9095,74.4387,4.4387,19.6267
26,70,7442.5256,9093.4525,0.2836,14.188,12.8878,74.3801,4.3801,20.1051
26.5,70,6698.9067,10077.9533,0.2652,13.3539,12.8659,74.3287,4.3287,20.5834
27,70,5986.7826,11127.6676,0.248,12.5715,12.8438,74.2844,4.2844,21.0617
27.5,70,5307.4118,12244.7099,0.232,11.8373,12.8214,74.2471,4.2471,21.5399
28,70,4665.3248,13434.4872,0.2171,11.1481,12.7987,74.2167,4.2167,22.0181
18,71,22319.8617,622.4121,0.8403,37.933,13.4483,76.3373,5.3373,12.6632
18.5,71,21199.7974,803.476,0.7828,35.583,13.4308,76.1405,5.1405,13.1429
19,71,20096.0483,1023.6774,0.7295,33.3859,13.4129,75.9555,4.9555,13.6226
19.5,71,19013.0507,1288.0466,0.6799,31.3312,13.3948,75.7817,4.7817,14.1023
20,71,17954.2266,1600.614,0.6339,29.4094,13.3763,75.6188,4.6188,14.5819
20.5,71,16922.5358,1964.9618,0.5911,27.6114,13.3575,75.4662,4.4662,15.0615
21,71,15916.2369,2379.9865,0.5514,25.9289,13.3384,75.3236,4.3236,15.5411
21.5,71,14933.1512,2844.1624,0.5144,24.3541,13.319,75.1907,4.1907,16.0206
22,71,13975.9705,3360.8499,0.48,22.8798,13.2993,75.0671,4.0671,16.5001
22.5,71,13043.7371,3929.7761,0.4481,21.4993,13.2793,74.9524,3.9524,16.9795
23,71,12136.0115,4551.2025,0.4183,20.2064,13.259,74.8465,3.8465,17.4589
23.5,71,11253.1457,5226.1996,0.3907,18.9951,13.2384,74.749,3.749,17.9383
24,71,10393.3798,5953.7427,0.3649,17.8602,13.2175,74.6597,3.6597,18.4176
24.5,71,9556.8445,6734.716,0.3409,16.7966,13.1964,74.5784,3.5784,18.8969
25,71,8745.3243,7571.6755,0.3186,15.7996,13.1749,74.5048,3.5048,19.3762
25.5,71,7957.2849,8463.8775,0.2978,14.8648,13.1532,74.4387,3.4387,19.8554
26,71,7193.5482,9412.9533,0.2784,13.9881,13.1313,74.3801,3.3801,20.3346
26.5,71,6456.6701,10422.2885,0.2603,13.1659,13.109,74.3287,3.3287,20.8137
27,71,5752.6983,11498.7805,0.2435,12.3944,13.0865,74.2844,3.2844,21.2928
27.5,71,5082.4545,12644.1217,0.2278,11.6705,13.0638,74.2471,3.2471,21.7719
28,71,4452.4678,13865.7334,0.2131,10.9911,13.0408,74.2167,3.2167,22.2509
18,72,22023.2618,666.4964,0.8252,37.4062,13.7046,76.3373,4.3373,12.8768
18.5,72,20902.5327,858.2225,0.7687,35.0888,13.6869,76.1405,4.1405,13.3574
19,72,19799.8045,1091.114,0.7163,32.9222,13.6688,75.9555,3.9555,13.8379
19.5,72,18718.7307,1369.4278,0.6677,30.8961,13.6503,75.7817,3.7817,14.3184
20,72,17662.8635,1697.3343,0.6225,29.0009,13.6316,75.6188,3.6188,14.7988
20.5,72,16634.2001,2077.4636,0.5805,27.2279,13.6125,75.4662,3.4662,15.2792
21,72,15631.0888,2508.8121,0.5414,25.5688,13.5931,75.3236,3.3236,15.7596
21.5,72,14650.769,2989.2828,0.5051,24.0159,13.5733,75.1907,3.1907,16.2399
22,72,13697.767,3524.0817,0.4714,22.5621,13.5533,75.0671,3.0671,16.7202
22.5,72,12768.7716,4110.5937,0.44,21.2007,13.533,74.9524,2.9524,17.2005
23,72,11865.037,4750.7858,0.4108,19.9257,13.5124,74.8465,2.8465,17.6807
23.5,72,10985.741,5444.5661,0.3836,18.7313,13.4915,74.749,2.749,18.1609
24,72,10130.0378,6191.8364,0.3583,17.6122,13.4703,74.6597,2.6597,18.641
24.5,72,9297.9417,6993.3774,0.3348,16.5633,13.4488,74.5784,2.5784,19.1211
25,72,8490.6222,7851.1429,0.3128,15.5801,13.427,74.5048,2.5048,19.6012
25.5,72,7707.1484,8765.0059,0.2924,14.6583,13.405,74.4387,2.4387,20.0813
26,72,6948.1892,9736.459,0.2734,13.7939,13.3827,74.3801,2.3801,20.5613
26.5,72,6219.5693,10772.1705,0.2556,12.983,13.3601,74.3287,2.3287,21.0412
27,72,5523.2814,11874.9978,0.2391,12.2223,13.3372,74.2844,2.2844,21.5212
27.5,72,4863.3255,13049.8265,0.2237,11.5084,13.3141,74.2471,2.2471,22.0011
28,72,4245.1536,14303.0166,0.2093,10.8385,13.2908,74.2167,2.2167,22.4809
18,73,21728.9673,713.0271,0.8105,36.8938,13.9696,76.3373,3.3373,13.0879
18.5,73,20607.7408,915.5922,0.7551,34.6081,13.9515,76.1405,3.1405,13.5692
19,73,19506.2379,1161.388,0.7036,32.4712,13.9331,75.9555,2.9555,14.0505
19.5,73,18427.2757,1453.8449,0.6558,30.4728,13.9144,75.7817,2.7817,14.5318
20,73,17374.8939,1797.6304,0.6114,28.6037,13.8953,75.6188,2.6188,15.013
20.5,73,16349.3513,2193.6466,0.5702,26.8549,13.8759,75.4662,2.4662,15.4942
21,73,15348.8023,2640.7061,0.5318,25.2185,13.8562,75.3236,2.3236,15.9754
21.5,73,14372.1061,3138.3429,0.4962,23.6869,13.8362,75.1907,2.1907,16.4566
22,73,13422.5258,3690.5106,0.463,22.253,13.8159,75.0671,2.0671,16.9377
22.5,73,12497.276,4295.1313,0.4322,20.9103,13.7952,74.9524,1.9524,17.4187
23,73,11597.8016,4954.3745,0.4035,19.6528,13.7743,74.8465,1.8465,17.8997
23.5,73,10722.1393,5667.0192,0.3768,18.4747,13.7531,74.749,1.749,18.3807
24,73,9870.2079,6433.7442,0.3519,17.3709,13.7315,74.6597,1.6597,18.8617
24.5,73,9042.7136,7256.0347,0.3288,16.3364,13.7097,74.5784,1.5784,19.3426
25,73,8239.552,8134.5839,0.3073,15.3667,13.6876,74.5048,1.5048,19.8235
25.5,73,7460.8531,9070.3393,0.2872,14.4575,13.6652,74.4387,1.4387,20.3044
26,73,6707.8665,10065.388,0.2685,13.6049,13.6426,74.3801,1.3801,20.7852
26.5,73,5987.131,11127.1268,0.2511,12.8052,13.6197,74.3287,1.3287,21.266
27,73,5299.9465,12257.7348,0.2348,12.0549,13.5965,74.2844,1.2844,21.7467
27.5,73,4651.0674,13462.8676,0.2197,11.3508,13.5731,74.2471,1.2471,22.2275
28,73,4043.6763,14746.6312,0.2056,10.69,13.5494,74.2167,1.2167,22.7081
18,74,21436.7749,761.8008,0.7963,36.3952,14.2436,76.3373,2.3373,13.2964
18.5,74,20315.9763,976.1396,0.7418,34.1404,14.2253,76.1405,2.1405,13.7785
19,74,19215.3692,1234.5203,0.6913,32.0324,14.2066,75.9555,1.9555,14.2606
19.5,74,18139.1559,1541.7681,0.6443,30.061,14.1876,75.7817,1.7817,14.7427
20,74,17090.4481,1901.6326,0.6007,28.2171,14.1682,75.6188,1.6188,15.2247
20.5,74,16067.9248,2313.4461,0.5602,26.492,14.1485,75.4662,1.4662,15.7067
21,74,15069.6174,2775.9089,0.5225,24.8777,14.1285,75.3236,1.3236,16.1887
21.5,74,14097.2337,3291.4142,0.4875,23.3668,14.1082,75.1907,1.1907,16.6706
22,74,13151.0003,3860.8903,0.4549,21.9523,14.0875,75.0671,1.0671,17.1525
22.5,74,12229.6461,4483.785,0.4246,20.6277,14.0666,74.9524,0.9524,17.6344
23,74,11333.8623,5161.526,0.3964,19.3872,14.0453,74.8465,0.8465,18.1162
23.5,74,10461.8686,5893.0872,0.3702,18.2251,14.0238,74.749,0.749,18.598
24,74,9613.6106,6679.1867,0.3458,17.1362,14.0019,74.6597,0.6597,19.0797
24.5,74,8791.0049,7522.533,0.323,16.1157,13.9798,74.5784,0.5784,19.5615
25,74,7992.3988,8422.2842,0.3019,15.1591,13.9574,74.5048,0.5048,20.0432
25.5,74,7218.7107,9380.1897,0.2822,14.2621,13.9346,74.4387,0.4387,20.5248
26,74,6472.4176,10399.5781,0.2638,13.421,13.9117,74.3801,0.3801,21.0065
26.5,74,5759.7014,11487.5035,0.2467,12.6321,13.8884,74.3287,0.3287,21.4881
27,74,5081.5151,12645.8132,0.2307,11.892,13.8649,74.2844,0.2844,21.9696
27.5,74,4444.5513,13882.1163,0.2158,11.1974,13.8411,74.2471,0.2471,22.4511
28,74,3848.9648,15197.5067,0.202,10.5455,13.817,74.2167,0.2167,22.9326
18,75,21146.9151,813.0482,0.7825,35.9099,14.5274,76.3373,1.3373,13.5025
18.5,75,20026.5614,1039.1871,0.729,33.6852,14.5088,76.1405,1.1405,13.9854
19,75,18927.8913,1311.2039,0.6793,31.6053,14.4898,75.9555,0.9555,14.4683
19.5,75,17854.4238,1633.2502,0.6332,29.6602,14.4705,75.7817,0.7817,14.9511
20,75,16808.9227,2008.7377,0.5903,27.8409,14.4509,75.6188,0.6188,15.4339
20.5,75,15789.6757,2436.6175,0.5505,26.1388,14.4309,75.4662,0.4662,15.9167
21,75,14794.0264,2914.9128,0.5135,24.546,14.4106,75.3236,0.3236,16.3994
21.5,75,13825.9506,3448.2956,0.479,23.0552,14.3899,75.1907,0.1907,16.8821
22,75,12882.8768,4034.9072,0.447,21.6596,14.369,75.0671,0.0671,17.3648
22.5,75,11965.461,4676.1342,0.4173,20.3527,14.3477,74.9524,-0.0476,17.8475
23,75,11073.2895,5372.3108,0.3896,19.1287,14.3262,74.8465,-0.1535,18.3301
23.5,75,10205.1721,6123.0134,0.3638,17.9821,14.3043,74.749,-0.251,18.8127
24,75,9361.3016,6929.22,0.3398,16.9077,14.2821,74.6597,-0.3403,19.2952
24.5,75,8542.95,7793.007,0.3175,15.9008,14.2596,74.5784,-0.4216,19.7777
25,75,7748.9508,8714.0322,0.2967,14.9569,14.2369,74.5048,-0.4952,20.2602
25.5,75,6980.0778,9693.914,0.2773,14.072,14.2138,74.4387,-0.5613,20.7427
26,75,6241.7508,10738.9379,0.2592,13.2421,14.1905,74.3801,-0.6199,21.2251
26.5,75,5536.6311,11852.6519,0.2424,12.4637,14.1669,74.3287,-0.6713,21.7075
27,75,4868.5939,13039.8406,0.2267,11.7334,14.143,74.2844,-0.7156,22.1899
27.5,75,4243.2731,14307.0694,0.2121,11.0481,14.1189,74.2471,-0.7529,22.6722
28,75,3659.8713,15654.496,0.1985,10.4049,14.0945,74.2167,-0.7833,23.1545
